Cyber-Criminal Aggah Espionage Operation Targets Italian Manufacturing,atn-com.pw
Iranian Chafer APT Targeted Air Transportation and Government in Kuwait and Saudi Arabia,redjewelry.biz
Iranian Chafer APT Targeted Air Transportation and Government in Kuwait and Saudi Arabia,update-microsoft.space
Iranian Chafer APT Targeted Air Transportation and Government in Kuwait and Saudi Arabia,dropboxengine.com
Iranian Chafer APT Targeted Air Transportation and Government in Kuwait and Saudi Arabia,apigoogle-accounts.biz
From Agent.BTZ to ComRAT v4,hunvin.tk
From Agent.BTZ to ComRAT v4,bronerg.tk
From Agent.BTZ to ComRAT v4,vefogy.cf
From Agent.BTZ to ComRAT v4,pewyth.ga
From Agent.BTZ to ComRAT v4,wekanda.tk
From Agent.BTZ to ComRAT v4,misters.ml
From Agent.BTZ to ComRAT v4,sameera.gq
From Agent.BTZ to ComRAT v4,crusider.tk
From Agent.BTZ to ComRAT v4,dixito.ml
From Agent.BTZ to ComRAT v4,branter.tk
From Agent.BTZ to ComRAT v4,vylys.com
From Agent.BTZ to ComRAT v4,duke6.tk
From Agent.BTZ to ComRAT v4,deme.ml
From Agent.BTZ to ComRAT v4,umefu.gq
From Agent.BTZ to ComRAT v4,bedrost.com
From Agent.BTZ to ComRAT v4,arinas.tk
From Agent.BTZ to ComRAT v4,lakify.ml
From Agent.BTZ to ComRAT v4,turla.by
From Agent.BTZ to ComRAT v4,sanitar.ml
From Agent.BTZ to ComRAT v4,davilta.tk
From Agent.BTZ to ComRAT v4,lindaztert.net
From Agent.BTZ to ComRAT v4,elizabi.tk
From Agent.BTZ to ComRAT v4,celestyna.tk
From Agent.BTZ to ComRAT v4,sumefu.gq
From Agent.BTZ to ComRAT v4,hofa.tk
Sarwent Malware Continues to Evolve With Updated Command Functions,vertuozoff.club
Sarwent Malware Continues to Evolve With Updated Command Functions,terobolt.xyz
Sarwent Malware Continues to Evolve With Updated Command Functions,tebbolt.xyz
Sarwent Malware Continues to Evolve With Updated Command Functions,rubbolt.xyz
Sarwent Malware Continues to Evolve With Updated Command Functions,vertuozoff.xyz
Sarwent Malware Continues to Evolve With Updated Command Functions,vertuozoffff.club
Sarwent Malware Continues to Evolve With Updated Command Functions,seoanalyticsp34roj.xyz
Sarwent Malware Continues to Evolve With Updated Command Functions,blognews-joural.info
Sarwent Malware Continues to Evolve With Updated Command Functions,seoanalyticsprojrts.xyz
Sarwent Malware Continues to Evolve With Updated Command Functions,vertuozofff.xyz
Sarwent Malware Continues to Evolve With Updated Command Functions,rubbot.xyz
Sarwent Malware Continues to Evolve With Updated Command Functions,vertuozofff.club
Sarwent Malware Continues to Evolve With Updated Command Functions,shopstoregamese.icu
Sarwent Malware Continues to Evolve With Updated Command Functions,softfaremiks.icu
Sarwent Malware Continues to Evolve With Updated Command Functions,shopstoregames.icu
Sarwent Malware Continues to Evolve With Updated Command Functions,startprojekt.pw
Sarwent Malware Continues to Evolve With Updated Command Functions,treawot.xyz
Sarwent Malware Continues to Evolve With Updated Command Functions,seoanalyticsproj.xyz
Sarwent Malware Continues to Evolve With Updated Command Functions,whatsmyhomeworthlondonontario.ca
Sarwent Malware Continues to Evolve With Updated Command Functions,shopstoregame.icu
Sarwent Malware Continues to Evolve With Updated Command Functions,startprojekt.pro
Sarwent Malware Continues to Evolve With Updated Command Functions,shopstoregamese.com
Sarwent Malware Continues to Evolve With Updated Command Functions,seoanalyticspro32frghyj.xyz
Sarwent Malware Continues to Evolve With Updated Command Functions,seoanalyticsptyrroj.xyz
Sarwent Malware Continues to Evolve With Updated Command Functions,blognews-joural.com
Sarwent Malware Continues to Evolve With Updated Command Functions,vertuozofff.com
Sarwent Malware Continues to Evolve With Updated Command Functions,blognews-journal.com
Sarwent Malware Continues to Evolve With Updated Command Functions,beurbn.com
Sarwent Malware Continues to Evolve With Updated Command Functions,seoanalyticsproewj.xyz
Sarwent Malware Continues to Evolve With Updated Command Functions,rabbot.xyz
Sarwent Malware Continues to Evolve With Updated Command Functions,blognews-joural.best
Analyzing Dark Crystal RAT, a C# backdoor,dcrat.ru
Analyzing Dark Crystal RAT, a C# backdoor,domalo.online
LOLSnif – Tracking Another Ursnif-Based Targeted Campaign,6buzj3jmnvrak4lh.onion
LOLSnif – Tracking Another Ursnif-Based Targeted Campaign,lamanak.at
LOLSnif – Tracking Another Ursnif-Based Targeted Campaign,wensa.at
LOLSnif – Tracking Another Ursnif-Based Targeted Campaign,kamalak.at
LOLSnif – Tracking Another Ursnif-Based Targeted Campaign,pipen.at
LOLSnif – Tracking Another Ursnif-Based Targeted Campaign,l35sr5h5jl7xrh2q.onion
LOLSnif – Tracking Another Ursnif-Based Targeted Campaign,g4xp7aanksu6qgci.onion
LOLSnif – Tracking Another Ursnif-Based Targeted Campaign,mobify.at
Mirai and Hoaxcalls Botnets Target Legacy Symantec Web Gateways,qweqwe.com
Mirai and Hoaxcalls Botnets Target Legacy Symantec Web Gateways,plexle.us
Uprooting Mandrake: The Story of an Advanced Android Spyware Framework That Went Undetected for 4 Years,xjkbhysexthnpl.top
Uprooting Mandrake: The Story of an Advanced Android Spyware Framework That Went Undetected for 4 Years,androidfirmware.cc
Uprooting Mandrake: The Story of an Advanced Android Spyware Framework That Went Undetected for 4 Years,livingstream.mobi
Uprooting Mandrake: The Story of an Advanced Android Spyware Framework That Went Undetected for 4 Years,android-soft.top
Uprooting Mandrake: The Story of an Advanced Android Spyware Framework That Went Undetected for 4 Years,androidfirmware.ca
Uprooting Mandrake: The Story of an Advanced Android Spyware Framework That Went Undetected for 4 Years,nfmmlrkagflemt.top
Uprooting Mandrake: The Story of an Advanced Android Spyware Framework That Went Undetected for 4 Years,androidfrimware.com
Uprooting Mandrake: The Story of an Advanced Android Spyware Framework That Went Undetected for 4 Years,androidfirmware.ir
Uprooting Mandrake: The Story of an Advanced Android Spyware Framework That Went Undetected for 4 Years,androidfirmware.top
Uprooting Mandrake: The Story of an Advanced Android Spyware Framework That Went Undetected for 4 Years,rendfiles.top
