AgentTesla Delivered via a Malicious PowerPoint Add-In,b345b73a72f866ac3bc2945467d2678ca4976dd4c51bd0f2cdb142a79f56210a
AgentTesla Delivered via a Malicious PowerPoint Add-In,d46615754e00e004d683ff2ad5de9bca976db9d110b43e0ab0f5ae35c652fab7
Cyber-Criminal Aggah Espionage Operation Targets Italian Manufacturing,28f6735b6cf7cc1613f465580da4113afe46cf96e60b8330619c32340c71d6a8
Cyber-Criminal Aggah Espionage Operation Targets Italian Manufacturing,8912ea4551439a4925aba187eea2ac4eb5b43e458866812caa67d85c5420a2db
Cyber-Criminal Aggah Espionage Operation Targets Italian Manufacturing,cb1375d8163146b47fa28259d8c70022b35e22712b9f887d7c8b9c8751b32804
Cyber-Criminal Aggah Espionage Operation Targets Italian Manufacturing,f8f97ecd134f13c66f50c11e4f17948c0acb49dd306031c3559a0e7c34003723
Cyber-Criminal Aggah Espionage Operation Targets Italian Manufacturing,540fce8483f6ca5516c9d8171dca4739e32a7bec1092f011f462d3c4ae4fd47b
Cyber-Criminal Aggah Espionage Operation Targets Italian Manufacturing,358a36a890383fc6aeaa89261e8a47b6217dd9bd1a31b63590b38bffe092a4f5
Cyber-Criminal Aggah Espionage Operation Targets Italian Manufacturing,8da105fd3f58ebfce0334f963370397f32fbef5bbb4bd6432ed18369dc46b959
Cyber-Criminal Aggah Espionage Operation Targets Italian Manufacturing,7eafb57e7fc301fabb0ce3b98092860aaac47b7118804bb8d84ddb89b9ee38f3
Cyber-Criminal Aggah Espionage Operation Targets Italian Manufacturing,b969a3c28be2086813b21007c2ef89b429cbec56f49eb5b304615cfe3ef9318d
Cyber-Criminal Aggah Espionage Operation Targets Italian Manufacturing,1d10fca85f5a06e20a160299e6f8f4a528384a77934fce0d44f48cb7e6f5feb4
Cyber-Criminal Aggah Espionage Operation Targets Italian Manufacturing,f8c91d3d69ec47fb888e6239d7218c87bf6f4817489005d9978ba9d1eac49899
Cyber-Criminal Aggah Espionage Operation Targets Italian Manufacturing,e4d14ba73670184066a00cf5d3361580f6c4fbc5d0862a90278d82e95426faa5
Cyber-Criminal Aggah Espionage Operation Targets Italian Manufacturing,58a9a5b49c1871d8792f84c81d490b54a93da633f0355d6ebb4badef93854320
QNodeService: Node.js Trojan Spread via Covid-19 Lure,f3c5f8ef9886dc300bce3e6db0b973b3408ae82eb5789c4ba72fec27d61ca693
QNodeService: Node.js Trojan Spread via Covid-19 Lure,16376d225c3b16e6e0d50259241939de6ad19a82668f650aacdaf173576c5003
QNodeService: Node.js Trojan Spread via Covid-19 Lure,eb00cd731ee622eaf53bfd19a789e494872baca156455c38ca3035b2e33cc152
QNodeService: Node.js Trojan Spread via Covid-19 Lure,5210afa4567b98fb3f8aee513206b5fd466d3afe01dd576a2bee4a623f2cdae2
QNodeService: Node.js Trojan Spread via Covid-19 Lure,5cced1119f4fdc175967594ec4671ef74e645d46f5f7ed1200513c7ea7dc31cf
QNodeService: Node.js Trojan Spread via Covid-19 Lure,9fbaff43a596921efd7bb3b015a541a00633320c3de66be795bada098d37f8fe
QNodeService: Node.js Trojan Spread via Covid-19 Lure,76b8e43ab3e38b8635588fbd9c9a527022691962dd158a480671ddf98c7110f8
Netwalker Fileless Ransomware Injected via Reflective Loading,f4656a9af30e98ed2103194f798fa00fd1686618e3e62fba6b15c9959135b7be
Backdoor, Devil Shadow Botnet Hidden in Fake Zoom Installers,65f725f380c9b90d409539b74bfbd8a57f0fa48843ee79838fa57ad28240feb5
Backdoor, Devil Shadow Botnet Hidden in Fake Zoom Installers,f01da52509792a52c6def452b3ee9b0b78acaca399341926fbe4f3212c42a55e
Backdoor, Devil Shadow Botnet Hidden in Fake Zoom Installers,628928fe61e86d3b246a7822b1d1505d3694becc4a73e373f73653851d22f1a5
Backdoor, Devil Shadow Botnet Hidden in Fake Zoom Installers,57bf83837c18a75d2e7327cdf5bfdcc906ccf78d82237ec961a4f1bee85473cf
Backdoor, Devil Shadow Botnet Hidden in Fake Zoom Installers,9b6b1807f886bb9eccdc170988d6e419e4301c96817f362aca3d01df17c352fd
Backdoor, Devil Shadow Botnet Hidden in Fake Zoom Installers,90728a5b2f22460e1b28e3dc350a95b993a185a6170b4aa5e45b57834b90bcee
Backdoor, Devil Shadow Botnet Hidden in Fake Zoom Installers,93bf084daddb10b3760f4e4424b1bc4d5d5590c30064045d01c8658a6fe50d3a
Backdoor, Devil Shadow Botnet Hidden in Fake Zoom Installers,5b7804919d437688c8811e85c54cb36efba72652bac8093833ca04b811ea87b7
Backdoor, Devil Shadow Botnet Hidden in Fake Zoom Installers,4070e977823d74478aec248862302063918fda16b57f2c3b561018605bfbf4fe
Backdoor, Devil Shadow Botnet Hidden in Fake Zoom Installers,a26f3981ed3784bb86f5223bf14fb0047ff3fd86b8fc94753ce5a3f1702ebb56
Blue Mockingbird activity mines Monero cryptocurrency,968b324be2b89f1a8ee4743d946723c1ffdca16ccfbbbbb68e5b9f60e0bff4c9
Blue Mockingbird activity mines Monero cryptocurrency,5377c69c05817a0e18f7b0ebbeed420f9ab8d1e81b439f439b42917fbe772dfb
Blue Mockingbird activity mines Monero cryptocurrency,909495884627e2e74d07d729b5e046f3ae01cabd9f0a5a99c74d46046a677f7c
Blue Mockingbird activity mines Monero cryptocurrency,ab698a35dc5263f0ca460f09dcbc9f8a4aeb7643365a1e7fa122581ef72c34b6
Blue Mockingbird activity mines Monero cryptocurrency,b31f7152a547fa41c31f9c96177b2cd7131a93f7c328bf6da360dc1586ba18dc
Blue Mockingbird activity mines Monero cryptocurrency,14e3c16ca940244bea9b6080fa02384ebb4818572cef7092f90d72ae210b330d
Blue Mockingbird activity mines Monero cryptocurrency,60504228b3fc524287bf2a260db933a408639b2f1a29af7538c61b00c4a44c86
Blue Mockingbird activity mines Monero cryptocurrency,de6c061aafc5d86e692bec45f69b2ea18639abd540b59c2c281717a054a48dd5
Blue Mockingbird activity mines Monero cryptocurrency,d388c309a540d4619169a07a4b64707f4c44953511875b57ad7cfa3e097115af
Blue Mockingbird activity mines Monero cryptocurrency,018a02fd0dbc63e54656b8915d71cd8a2ce4409608ae4dff6ec196ffa8743ba1
Blue Mockingbird activity mines Monero cryptocurrency,c957d007824ee8173c67122a1843c979c818614eeed7db03dea3ba7fede43eba
Blue Mockingbird activity mines Monero cryptocurrency,5d7116f04e10e968de64c4201fc7374fa84b364e90f8e4eba0fbc41afeaf468c
Blue Mockingbird activity mines Monero cryptocurrency,1d30d3cafdcc43b2f9a593983ad096c2c3941025fb4e91257e2dcf0919ed24ba
Blue Mockingbird activity mines Monero cryptocurrency,9a432ea16e74b36c55ec5faa790937fe752ff2561cef83e44856fd1e72398309
Iranian Chafer APT Targeted Air Transportation and Government in Kuwait and Saudi Arabia,021813c78cf31b0d7e77b40374347d8ed4e5a5ca69a7fc29bbc7bff969c09f3c
Iranian Chafer APT Targeted Air Transportation and Government in Kuwait and Saudi Arabia,c839e886b98d2c752a134e888dad40799cd9966f8a73b51edc85ca2d72f99616
Iranian Chafer APT Targeted Air Transportation and Government in Kuwait and Saudi Arabia,b297a0b2e775f096d9ebda6130abbb5ec59813c7703159ea191b47d7b7293e1e
Iranian Chafer APT Targeted Air Transportation and Government in Kuwait and Saudi Arabia,d965352c6632e694b8f1f62f96874bd0df8d7c128c465ee9a76eb86ebddb0c02
Iranian Chafer APT Targeted Air Transportation and Government in Kuwait and Saudi Arabia,144a160c57c2d429d072046edfdd1b44ff22bcae4f0535732f6c2b19190f2f35
Iranian Chafer APT Targeted Air Transportation and Government in Kuwait and Saudi Arabia,5ee9873c3c8684ac097bd28d3caf4264c6da6aa6acfeb8f6e72f1a99215a4be8
Iranian Chafer APT Targeted Air Transportation and Government in Kuwait and Saudi Arabia,508ba7971b1f7651ba7d26815f75d66977820bd4eb3a615e3ab7079058d80380
Iranian Chafer APT Targeted Air Transportation and Government in Kuwait and Saudi Arabia,98a9b2329eefe618daa78b6afed82cebf40cb918ad0aae7a8d7f59af4cb13b41
Iranian Chafer APT Targeted Air Transportation and Government in Kuwait and Saudi Arabia,710e32af0d41a6701d57337701b091b158add04a601b68cca67a808bdd87d881
Iranian Chafer APT Targeted Air Transportation and Government in Kuwait and Saudi Arabia,a1f5c72721f9aa2ca29f1de7645a64b505c05dcd53dbdd7b9e904b1627c6d578
Iranian Chafer APT Targeted Air Transportation and Government in Kuwait and Saudi Arabia,11dbfb390f7008524e523da7d0cda61723584082fc91ff96d1148c4aac6198a0
Iranian Chafer APT Targeted Air Transportation and Government in Kuwait and Saudi Arabia,f991cadf11c5075f0ed6f381dfdac311cf59480962debf8b874f95e9bee5c4f2
New activity of DoubleGuns Group, control hundreds of thousands of bots via public cloud service,bd1a1035a6fdc508d243a31408354a6d327470ecdb1617b331a4a1f217500313
New activity of DoubleGuns Group, control hundreds of thousands of bots via public cloud service,c323d49f16e6ad3a8f3f1ca78249385d703db2e33722476424ac3536f7043748
Recent "Calypso APT" dropper,03701463e78f108a3e765f505886bf5f8f7992c8b7ae7c9a4692361d6dd86ed5
Konni APT CISAC Lure,b85d68d3f7c4f70ca85d16e8864b4f9ca9a234bb57bfe9e9e4c9f270d1848bec
ZLoader Loads Again: New ZLoader Variant Returns,f1bdd2bcbaf40bb99224fa293edc1581fd124da63c035657918877901d79bed8
ZLoader Loads Again: New ZLoader Variant Returns,2b5e50bc3077610128051bc3e657c3f0e331fb8fed2559c6596911890ea866ba
ZLoader Loads Again: New ZLoader Variant Returns,b4e0478cf85035852a664984f8639e98bee3b54d6530ef22d46874b14ad0e748
ZLoader Loads Again: New ZLoader Variant Returns,fe10daf5e3de07d400ca37b6b151eb252b71d013312e2958d1281da6626813d9
ZLoader Loads Again: New ZLoader Variant Returns,bfe470b390f20e3e189179fc1372d6e66d04d7676fa07d2a356b71362cd03e53
ZLoader Loads Again: New ZLoader Variant Returns,ea190ef11b88e830fa8835ff9d22dcab77a3356d3b1cb7b9f9b56e8cd7deb8c0
ZLoader Loads Again: New ZLoader Variant Returns,6348bded936831629494c1d820fe8e3dbe3fb4d9f96940bbb4ca0c1872bef0ad
ZLoader Loads Again: New ZLoader Variant Returns,4725e0e2e358e06da19de9802b4c345f1a5ab572dd688c78adf317ce8be85be6
Spearphishing campaign targeting Taiwan government,2ad58b00695f71c7a43a9e1a5a2c9fd996f7e243db3f3638a0c41bbc3b85f543
Spearphishing campaign targeting Taiwan government,4c40d27136a133706f3f12eb8038302b9fcc97031bfc063c7f39e213275a0b47
Spearphishing campaign targeting Taiwan government,773ba942c71601107ad442bbf4360f09ee2c253b3ca1cd82f6b313b1f38d330e
Spearphishing campaign targeting Taiwan government,41a6a2c92daac59f8272d526537d81adede0bc61eefb8c199eeb70812b1f03cd
The Evolution of APT15's Codebase 2020,271384a078f2a2f58e14d7703febae8a28c6e2d7ddb00a3c8d3eead4ea87a0c0
The Evolution of APT15's Codebase 2020,a142625512e5372a1728595be19dbee23eea50524b4827cb64ed5aaeaaa0270b
The Evolution of APT15's Codebase 2020,aacaf0d4729dd6fda2e452be763d209f92d107ecf24d8a341947c545de9b7311
Sarwent Malware Continues to Evolve With Updated Command Functions,6e443a42b959b104602d11e7a11c4eb67fda91c1cb201bffa419abddffdd9b5c
Sarwent Malware Continues to Evolve With Updated Command Functions,bf225ee62bdad6174cff0afae67af3f95b1398232cc3589b07149922b942a1f2
Sarwent Malware Continues to Evolve With Updated Command Functions,e9887292b65f1404b9b1268e6392a4fb3f783cda47bcb25a86f9c64daf2532e7
Sarwent Malware Continues to Evolve With Updated Command Functions,f0f76280b1fc7a361a56fbcfc8a3a4edb51fdcd2bb5d35e2ab519e1080d9c2d1
Sarwent Malware Continues to Evolve With Updated Command Functions,7e27e33ec3df0ea9e89d32b050f1f0a211e3764818b9cad19308b8c954a02f03
WolfRAT Now Targeting Messaging Apps,1849a50a6ac9b3eec51492745eeb14765fe2e78488d476b0336d8e41c2c581d4
WolfRAT Now Targeting Messaging Apps,ac5abaebd9f516b8b389450f7d27649801d746fb14963b848f9d6dad0a505e66
WolfRAT Now Targeting Messaging Apps,6e6c210535b414c5aa2dd9e67f5153feeb43a8ac8126d8e249e768f501323a3e
WolfRAT Now Targeting Messaging Apps,ed234e61849dcb95223676abe2312e1378d6130c0b00851d82cda545b946ec83
WolfRAT Now Targeting Messaging Apps,27410d4019251a70d38f0635277f931fb73f67ac9f2e1f3b475ce680ebfde12a
WolfRAT Now Targeting Messaging Apps,e5f346d8f312cc1f93c2c6af611e2f50805c528934786ea173cabc6a39b14cda
WolfRAT Now Targeting Messaging Apps,d328fca14c4340fcd4a15e47562a436085e6b1bb5376b5ebd83d3e7218db64e7
WolfRAT Now Targeting Messaging Apps,139edb1bc033725539b117f50786f3d3362ed45845c57fe1f82e7ed72b044367
WolfRAT Now Targeting Messaging Apps,120474682ea439eb0b28274c495d9610a73d892a4b8feeff268c670570db97e2
WolfRAT Now Targeting Messaging Apps,59b9809dba857c5969f23f460a2bf0a337a71622a79671066675ec0acf89c810
WolfRAT Now Targeting Messaging Apps,e19823a1ba4a0e40cf459f4a0489fc257720cc0d71ecfb7ad94b3ca86fbd85d1
WolfRAT Now Targeting Messaging Apps,3a45d7a16937d4108b5b48f44d72bb319be645cbe15f003dc9e77fd52f45c065
WolfRAT Now Targeting Messaging Apps,4a32ced20df7001da7d29edc31ca76e13eef0c9b355f62c44888853435e9794f
Eleethub: A Cryptocurrency Mining Botnet with Rootkit for Self-Hiding,dbef55cc0e62e690f9afedfdbcfebd04c31c1dcc456f89a44acd516e187e8ef6
Eleethub: A Cryptocurrency Mining Botnet with Rootkit for Self-Hiding,d9001aa2d7456db3e77b676f5d265b4300aaef2d34c47399975a4f1a8f0412e4
Eleethub: A Cryptocurrency Mining Botnet with Rootkit for Self-Hiding,14c351d76c4e1866bca30d65e0538d94df19b0b3927437bda653b7a73bd36358
Eleethub: A Cryptocurrency Mining Botnet with Rootkit for Self-Hiding,7ed8fc4ad8014da327278b6afc26a2b4d4c8326a681be2d2b33fb2386eade3c6
Eleethub: A Cryptocurrency Mining Botnet with Rootkit for Self-Hiding,6d1fe6ab3cd04ca5d1ab790339ee2b6577553bc042af3b7587ece0c195267c9b
Analyzing Dark Crystal RAT, a C# backdoor,931972b7531ee614ff9f9403fb0612ca4e3d668c5bfbedacb9fe18e4ac312f1d
Analyzing Dark Crystal RAT, a C# backdoor,8d41d5131fac719cc11823fb57bef9ef1ea063dbb8f52b235a3948bece039d95
LOLSnif – Tracking Another Ursnif-Based Targeted Campaign,e3d89b564e57e6f1abba05830d93fa83004ceda1dbc32b3e5fb97f25426fbda2
LOLSnif – Tracking Another Ursnif-Based Targeted Campaign,4d98790aa67fb14f6bedef97f5f27ea8a60277dda9e2dcb8f1c0142d9619ef52
LOLSnif – Tracking Another Ursnif-Based Targeted Campaign,c206f90bd8e3a34f7eb522e01dba93e5dd8282a7573bbf03e6a91434c9d4a7fa
LOLSnif – Tracking Another Ursnif-Based Targeted Campaign,8ffe59d11b2adbf78054cc8272c79b942adb37393544bb927f5256fcc837473e
LOLSnif – Tracking Another Ursnif-Based Targeted Campaign,7307f15e8baebca4d001da7db5841d96556f7db17eb3c99ce0287a6535d896eb
LOLSnif – Tracking Another Ursnif-Based Targeted Campaign,cc085b1f803c1566d51372230a3c18d87fe025cad2ed78704dca7827de3f7c10
LOLSnif – Tracking Another Ursnif-Based Targeted Campaign,8d700ea74a33ffa2fd3e0b2c47a2add4254c376a6a2e430457fe08248ddf2797
LOLSnif – Tracking Another Ursnif-Based Targeted Campaign,f48e634d5ce543593b8f3b96452aa8308a49e545bf8349c3de69315f1ba6c400
Deep Dive Into TrickBot Executor Module "mexec": Reversing the Dropper Variant,5b729cd36cf3f0fdcfa0020b1f0f3bb98f9b456005814e61349bfdc50f390a7e
Deep Dive Into TrickBot Executor Module "mexec": Reversing the Dropper Variant,cd2e0341119cfbf734917f83d91a14d5855906a83066649bd49689e504181330
Deep Dive Into TrickBot Executor Module "mexec": Reversing the Dropper Variant,254e7a333ecee6d486b4f8892fe292fb7ba1471fe500651c1ba3e7ff5c9e03c8
Deep Dive Into TrickBot Executor Module "mexec": Reversing the Dropper Variant,a22e263d2147de6d8c0ce04ea05de456372c158d292eca57858880e6c56f9ca7
Deep Dive Into TrickBot Executor Module "mexec": Reversing the Dropper Variant,77d8e1a86de34ece7e022651592aeedc3d32d0b022c1fe5d34a403e13afa8d5e
Mirai and Hoaxcalls Botnets Target Legacy Symantec Web Gateways,e248445c39cac693fc2a921e41879fb80286f418c352d7a9d428d6181fe113a3
Mirai and Hoaxcalls Botnets Target Legacy Symantec Web Gateways,6d76fd0bb5ba2d1c19f64288bb4b20eb136171aa8ea1afb685d2e363911aab2f
Mirai and Hoaxcalls Botnets Target Legacy Symantec Web Gateways,3d6be7b9bd4798000230e354a5777601ca6672c8d84af842469ddeb1681ed7f2
Mirai and Hoaxcalls Botnets Target Legacy Symantec Web Gateways,72675ccf2d4e0d0aac2f5121a6a80ea1efc4f30b22e64b07bd891438de2bf82a
Mirai and Hoaxcalls Botnets Target Legacy Symantec Web Gateways,60f755288c9d3110d2fe5d872b2c045156dcea4be9a5cc918bddf1e786881842
Mirai and Hoaxcalls Botnets Target Legacy Symantec Web Gateways,0e531e105aa3419cd19e95fa9d44f6176157002a09444a1e5465657d743180ac
Mirai and Hoaxcalls Botnets Target Legacy Symantec Web Gateways,0a48cc158a07e13bd76ac941c4523692530f836d69256b02a10052248263d781
Mirai and Hoaxcalls Botnets Target Legacy Symantec Web Gateways,81e9a4b8f8a7d06d871488d9c869bde54a83ff7fe33d652ed58c10109b9830ee
Mirai and Hoaxcalls Botnets Target Legacy Symantec Web Gateways,37dfde696632295e806924de3d3ab751404e2a968e063a12ce72eb2e3ce0b984
Mirai and Hoaxcalls Botnets Target Legacy Symantec Web Gateways,ad1156e6ad91b02f225d82d96000cf9abf671a305e8c5c61229d69dbed5050ba
Mirai and Hoaxcalls Botnets Target Legacy Symantec Web Gateways,38290965b2cd8048b3ef076487b99dfbeef457f6f6f9998b95ff922e160a5113
Mirai and Hoaxcalls Botnets Target Legacy Symantec Web Gateways,e0141934100df75d6b0c61858fc4cc44f97ce2a2588aa5d042f965f9542b843b
Mirai and Hoaxcalls Botnets Target Legacy Symantec Web Gateways,1cec4576595048a179bf8c21b58f33ef61ae1825b2b3f0a86915a741a04f253f
Mirai and Hoaxcalls Botnets Target Legacy Symantec Web Gateways,82e5e0f6c130a3f0424cf33468f5ec7a3a66d14f5d346196d1b604ecd2b1e6a3
Mirai and Hoaxcalls Botnets Target Legacy Symantec Web Gateways,4a4316178e85e0d4c94d74af9f2258c045194cf7a4f4a83a90abf5db09fbaa04
Mirai and Hoaxcalls Botnets Target Legacy Symantec Web Gateways,25d1c51135dca20f4f7a720f237d9186edde2a2a664ede6bef37e843e7be409c
Mirai and Hoaxcalls Botnets Target Legacy Symantec Web Gateways,233d4f6ee9f0ffb52b88de0218a0a4b04e3b20c5440e6414255d644ef696d190
Mirai and Hoaxcalls Botnets Target Legacy Symantec Web Gateways,5415ce3e759bcc3a8a163a84b64a7185f6540d4ec0ff07627ac770fd0ef0244d
Mirai and Hoaxcalls Botnets Target Legacy Symantec Web Gateways,012d49c6e847f2f75983b46a9a1310dac29b5f8d30b665ae2124d8619b80753b
Mirai and Hoaxcalls Botnets Target Legacy Symantec Web Gateways,65a8ea32f77c2d18325d49d0cc32a4bbf893a2f106e77e8a8670191c71b456a9
Mirai and Hoaxcalls Botnets Target Legacy Symantec Web Gateways,85f397e052950f736b32f0463dce7a1458ed034bec57284ea83d2ee4788f8a82
Mirai and Hoaxcalls Botnets Target Legacy Symantec Web Gateways,b52f8ff49e172a3e41ec60010c4089e3534ad1f0582a7ee04c4aa58c34db21ca
Mirai and Hoaxcalls Botnets Target Legacy Symantec Web Gateways,ddab987e986f76fcc36af92a6ea15439dd36253d91c0c3cddd77b2b9fd9ff395
Mirai and Hoaxcalls Botnets Target Legacy Symantec Web Gateways,ef5d39a3fa641b4d55d870437a9ba774eefcfa2c69066dd0a6fbe513a4b7a8f2
Mirai and Hoaxcalls Botnets Target Legacy Symantec Web Gateways,84e017a59f9f7d7d5fde40bc2867a1e9d6ec6fae63b3e21685b3bb7166357531
Mirai and Hoaxcalls Botnets Target Legacy Symantec Web Gateways,43ce5e4fb95b57fa2921d718e989107a594d5287b5bbbcb3e9bff262a982e815
Mirai and Hoaxcalls Botnets Target Legacy Symantec Web Gateways,763dfa5f391d27e65be6682c2e58c888df309fa2732781db312f5c9b10e6d5a1
Mirai and Hoaxcalls Botnets Target Legacy Symantec Web Gateways,970496ac754ce7573216950a9904bdfc75574b4c0605e1d62364be799b9c813b
Mirai and Hoaxcalls Botnets Target Legacy Symantec Web Gateways,e15eeeaeb0ac0639bf3491ba8801e30516e085047f2d787397966065bdf9d5e7
Mirai and Hoaxcalls Botnets Target Legacy Symantec Web Gateways,a31187ed8545789ff2979037e19e1ca18d35a75820a1ec91053782f30c47ecc5
Mirai and Hoaxcalls Botnets Target Legacy Symantec Web Gateways,a3e2d3536d3facd3d825949addd7e99152b5df395b26e41e04b16be0a8cf4d85
Mirai and Hoaxcalls Botnets Target Legacy Symantec Web Gateways,da84fd43cb8701c4e23dd0a4175ebccebda026ca2f47b7b1bad393205075389f
Mirai and Hoaxcalls Botnets Target Legacy Symantec Web Gateways,7bca6fcc70d14253803780e80ee57b29814adeae1af993374f919a1017f5b0f5
Mirai and Hoaxcalls Botnets Target Legacy Symantec Web Gateways,04e8356bdc8782cf03acc9f69ff6fa9dfde7378dcd1fe0dc737d13fd4d7e061e
Mirai and Hoaxcalls Botnets Target Legacy Symantec Web Gateways,20c3f1bbf4ae4733c6e01eb4f82a251bcb5b0ae0bd5f1b1a028b7ff65ea779af
Mirai and Hoaxcalls Botnets Target Legacy Symantec Web Gateways,02dc186a39607475838bb4859f89e7a200f74fed41400ab5db4eb42d3f58f772
Mirai and Hoaxcalls Botnets Target Legacy Symantec Web Gateways,735beaa92e7d697a521c7ed5292b3e8100c29a2af88f1a1b99abf0a1bc5ab5c8
Mirai and Hoaxcalls Botnets Target Legacy Symantec Web Gateways,5d8756118b7e017eb4f4c5da4236191b20a5c8cb96abb76c26f0e918a76bd973
Mirai and Hoaxcalls Botnets Target Legacy Symantec Web Gateways,28f31eb4b1fd3b7e742f5043a26b383585317d16bbfdae0296e18b90dcbec29b
Mirai and Hoaxcalls Botnets Target Legacy Symantec Web Gateways,1f64287ae9ea968017b3615f2b5b51932d7eeb3f0ee6621f74ae29af8f1a27d5
Mirai and Hoaxcalls Botnets Target Legacy Symantec Web Gateways,287645a5a29a39ef94aa0cdebdbd3cb4ad2a45ead8894fc323a5a2a76a7fdb0d
Mirai and Hoaxcalls Botnets Target Legacy Symantec Web Gateways,9ce642628cec8de80d2186d5d7f020635180326ed9e33cabde46d6c9b2caba1b
Mirai and Hoaxcalls Botnets Target Legacy Symantec Web Gateways,fa1bc69c9eccaaa4b8131856f9e69837f10dfa1236a65e0a8954d297c2a465bd
Mirai and Hoaxcalls Botnets Target Legacy Symantec Web Gateways,2b0854d40d8ffdca886f4540156b7addc4245de5df197e39ce198b9cf098944a
Mirai and Hoaxcalls Botnets Target Legacy Symantec Web Gateways,5916171938fba2d218de38c8b1f484345bc62d436b7b501ef986ae06c133b13d
Mirai and Hoaxcalls Botnets Target Legacy Symantec Web Gateways,b39763036951bb373e1389362c4de6c4cbd3af3757dbb66d53fceb69de02677f
Vendetta New Threat Actor from Europe,023f0a5d97bc9513ebf82fa8bebc612322a31372e7d378844a6198b2399356a5
Vendetta New Threat Actor from Europe,0b7c4c72f2c57b90455779b339f5dd1bfd11d10425b8c054e49edce6f93d3062
Vendetta New Threat Actor from Europe,1b93790c002d5216822277c6b8abb36dfd5daf9ebc14553135c992f64f8d949e
Vendetta New Threat Actor from Europe,2a0f0659746fb49b98ac4d2e0e5059d9ec2264bbd588eabf241e7f8336f8139a
Vendetta New Threat Actor from Europe,32c592d9cb916b7156cd8b8e7b3245625cfe358fe5b05b4914d7fe86ceeb4d39
Vendetta New Threat Actor from Europe,4052c211bb15c64d57f4ffcf4641c6570e73bd69b112a8fe5d8be18dff5e6a71
Vendetta New Threat Actor from Europe,449378071762fab39811126f8860e3be358a3b5a5a12d2f1cbdb43a0de91691c
Vendetta New Threat Actor from Europe,507f2ab66dc63e8a8e425e0813ab4e1b7663105400e17ff3c664ae62791e6148
Vendetta New Threat Actor from Europe,6382b302f0f25105a2227460363581a2bf35447fa0427865cdc11e0970ad7a26
Vendetta New Threat Actor from Europe,6c9286bcdd8b19eeb511081542ebc58f81f3f354f13aa3e076f22443b3013fd9
Vendetta New Threat Actor from Europe,7e9b64bbe048ec3cb1f0c01a08522ac1a9519c1b90aef22c0941e05ee48daf24
Vendetta New Threat Actor from Europe,88d5dbe6e14bc914620b71ddf211064de8eeb55dc3b9d12fec659e5e66359c8f
Vendetta New Threat Actor from Europe,a23809b3bc022432b3a0550f29cd2066ac08e873d23eaea48c51c8fdd95846b3
Vendetta New Threat Actor from Europe,b0283f80fa6e264092ae3fc1e07380d39ee20e196834b50df55f48a17a376149
Vendetta New Threat Actor from Europe,b4a60a5fdddebf1351aa77b5ae1b850c8f53312cbe7e3792a0adbd3a458c70ba
Vendetta New Threat Actor from Europe,bef1b0625c0b5147b02c748eda94e9fc86a837c6fd34d3eea6112975edcda83e
Vendetta New Threat Actor from Europe,c068b1a7379f95ee883cd4ed9639bb2b28c380934f3bc0e0c7be97ad808c7b8a
Vendetta New Threat Actor from Europe,cb70c14b7aa724c2d1cf6881f0a864897d953c367ddbc002594da76941ac376a
Vendetta New Threat Actor from Europe,cd032c6eb88c6a9a503a283264a3ff947744b93b950c2fc783abac5efc2c3137
Vendetta New Threat Actor from Europe,cebbfedf2bab9b4f9a0823d9ab544de314bfa584ab952b80ab65cb0497aacc9a
Uprooting Mandrake: The Story of an Advanced Android Spyware Framework That Went Undetected for 4 Years,3f761aecb3b9cb76842fd4d365ed4b1c9b77a034bcb55ef2708b198dd418dbcf
Uprooting Mandrake: The Story of an Advanced Android Spyware Framework That Went Undetected for 4 Years,80e975b499f7244385c8b3caa2eb5a5abd7e931cf4b0c77595b93dc575e2d035
Uprooting Mandrake: The Story of an Advanced Android Spyware Framework That Went Undetected for 4 Years,c584f44f9b0a20b35784d51aabe39cbb2f07e8774538964e04b1f20d0a2ac315
Uprooting Mandrake: The Story of an Advanced Android Spyware Framework That Went Undetected for 4 Years,1cc48daabf1f5a3eb9213178ce1cb4660a909328ef9b791cf191af22dbbd0216
Uprooting Mandrake: The Story of an Advanced Android Spyware Framework That Went Undetected for 4 Years,2b4b6b6dd2c6c9209465d7403e4e520543a6d731c8cf8d9520a2ba60b74bf083
Uprooting Mandrake: The Story of an Advanced Android Spyware Framework That Went Undetected for 4 Years,2ac6b7b629fcad60b998047319453337a40cee202ca79c1599c29972cc0fb4ea
Uprooting Mandrake: The Story of an Advanced Android Spyware Framework That Went Undetected for 4 Years,51048def6a05ebcbd5d975664c3585daf9606c780bd1fd5ca256b422f6505a1c
Uprooting Mandrake: The Story of an Advanced Android Spyware Framework That Went Undetected for 4 Years,d99ec9a16a5cc26941df385dc62d946a7636174dd8e1cac613c56e80f7807b6d
Uprooting Mandrake: The Story of an Advanced Android Spyware Framework That Went Undetected for 4 Years,30186c4bab251244a3ef39b17a5c8050942ab6aa5f7d26fa016067e50f581b9b
Uprooting Mandrake: The Story of an Advanced Android Spyware Framework That Went Undetected for 4 Years,6d3c8ae6a8e3f2cd3efcb9448c1c55057c26ba87ec8e9f3272082d52bf27e7b9
Uprooting Mandrake: The Story of an Advanced Android Spyware Framework That Went Undetected for 4 Years,92d800fa836104aea702ef8f69936ca6e5e6357997b71665759b3c2e28739ef8
Academic data centers abused for crypto currency mining,1d95d3b2f265aa142c8d2aca45c50a23265f5153650d2447e8c58cadbbb92deb
Academic data centers abused for crypto currency mining,94b17888b735fa75bb6939b542446c22e1108a46cecdffce4f8b579d8a877c3a
Academic data centers abused for crypto currency mining,0f8a1c0f706d8e70f3240abd788a193426302322916cf4e9358d05116f6231ec
Academic data centers abused for crypto currency mining,74d21900332836e8509a5484413a525239b135f99af70f804d67136082ca6e9c
Academic data centers abused for crypto currency mining,c5e3b0ae057ad47ba91b3ccc32cd03cb5f64d26552b0ba1cb971f6a33ef12afb
Academic data centers abused for crypto currency mining,807d836d496d0ac61dbec07b757579985d65ec6187b35155de7d342f760d6b79
Academic data centers abused for crypto currency mining,e8627037ff667021e11da5f6e707d173f86edc6bb789c204f25ff5c4ccd21910
Academic data centers abused for crypto currency mining,9647038806905ce7a46e1b783746c623c1c03fcc60a6bd18564bda5625ac4780
Academic data centers abused for crypto currency mining,552245645cc49087dfbc827d069fa678626b946f4b71cb35fa4a49becd971363
Academic data centers abused for crypto currency mining,820ff5da47023d6a92d37497094a51aca81b0b149715436b57fe117d94ec3fe0
Academic data centers abused for crypto currency mining,bd887ab361470f775e4834a99a1f21d20c6b4a5d13e75455e15bd1041407a33f
Academic data centers abused for crypto currency mining,4551fb76aa8806bc3d4f8622f5a1535887742aea99cdd227de300699425978b2
Academic data centers abused for crypto currency mining,0efdd382872f0ff0866e5f68f0c66c01fcf4f9836a78ddaa5bbb349f20353897
Academic data centers abused for crypto currency mining,eec6129780d3e1645ce19efd96c1e18aa08778c8472189f1d65bc46d449cfc82
Academic data centers abused for crypto currency mining,a53efc345574deb41ceae058f42ba39620981869ee4bdb0276d30f2b47ed123d
Netwire RAT Delivered via paste.ee and Excel to German users,f92db2c4401d5da1e1f68a4ec1fb159c34fc7f020e4fbacca3e4682db0a5bbe2
Netwire RAT Delivered via paste.ee and Excel to German users,cdd2e26792bd7ee81a6297d13dd514836778620c9bd96e79ae6ee26239c546b1
Netwire RAT Delivered via paste.ee and Excel to German users,f3764f7cd5b1f27e1d921b4f7eb229482652a317a27193824207da051943a2c8
Netwire RAT Delivered via paste.ee and Excel to German users,e8edf64d02ed7f0456b8f1601026ce37f9120d3a1d1e9ba7fdc8d9bc8bf10d10
Netwire RAT Delivered via paste.ee and Excel to German users,bb37f30311a0ade4a807a5de7f078efd6b3af815aa4305a4bcc17f6d4b5ee9e6
Netwire RAT Delivered via paste.ee and Excel to German users,67fd76d01ab06d4e9890b8a18625436fa92a6d0779a3fe111ca13fcd1fe68cb2
Analysis of Turla “Penquin_x64”,2dabb2c5c04da560a6b56dbaa565d1eab8189d1fa4a85557a22157877065ea08
Analysis of Turla “Penquin_x64”,5a204263cac112318cd162f1c372437abf7f2092902b05e943e8784869629dd8
Analysis of Turla “Penquin_x64”,d9f2467ff11efae921ec83e074e4f8d2eac7881d76bff60a872a801bd45ce3d5
