AgentTesla Delivered via a Malicious PowerPoint Add-In,eec80c5c7f0defbc3139dd03ae3b38aa
Cyber-Criminal Aggah Espionage Operation Targets Italian Manufacturing,8a2f3c3a0098d69e12256ef8b09dfdf9
Cyber-Criminal Aggah Espionage Operation Targets Italian Manufacturing,d46764d26e05e9056d0a410ae2f9d077
Cyber-Criminal Aggah Espionage Operation Targets Italian Manufacturing,960d9f5926917093307becf0962970f5
QNodeService: Node.js Trojan Spread via Covid-19 Lure,8b28dc08161e45ffd532ede34bec66f3
QNodeService: Node.js Trojan Spread via Covid-19 Lure,c41340d7deb877dc39cea2875b4d7221
QNodeService: Node.js Trojan Spread via Covid-19 Lure,1159c8fa61d9bf42b67dfe721c73843d
Netwalker Fileless Ransomware Injected via Reflective Loading,b1f0093b89561c6123070165bd2261e2
Backdoor, Devil Shadow Botnet Hidden in Fake Zoom Installers,a6fcc7dd9a6e029c921555b1de6fd586
Backdoor, Devil Shadow Botnet Hidden in Fake Zoom Installers,94a759c5cec61f62ac9cc3988ae46147
Backdoor, Devil Shadow Botnet Hidden in Fake Zoom Installers,03837927dd42c3ecd014322275ec4cd6
Backdoor, Devil Shadow Botnet Hidden in Fake Zoom Installers,bca70455c8a1fb06731c2ff5ec998bbe
Blue Mockingbird activity mines Monero cryptocurrency,77ba4a18ef8719c2f218e87dfdcba58f
Blue Mockingbird activity mines Monero cryptocurrency,d564123c0e5ddd4d0af44528cb1aa20a
Blue Mockingbird activity mines Monero cryptocurrency,3e9350329df413dc88fb4a8116c2673b
Blue Mockingbird activity mines Monero cryptocurrency,d1cabccf0b337ea2f22170a933ce8adf
Blue Mockingbird activity mines Monero cryptocurrency,66a53f4c9c599c3a10a8ad644b86fb5b
Blue Mockingbird activity mines Monero cryptocurrency,ac45a99e4953a227656dabea336b97a9
Blue Mockingbird activity mines Monero cryptocurrency,a9d40d5a22948019ae9c5f1b464a1f03
Blue Mockingbird activity mines Monero cryptocurrency,4cc31a4dbef183734627e5cc2a613d83
Blue Mockingbird activity mines Monero cryptocurrency,ea60e1b47380d77c3bce5a4ac6b2c6d8
Blue Mockingbird activity mines Monero cryptocurrency,aed97d3d2b87ab0b55dab3a3eebe4557
Blue Mockingbird activity mines Monero cryptocurrency,1614f0ce7b6c11bf8bd8a76885c8e21c
Blue Mockingbird activity mines Monero cryptocurrency,c44c7fb36ee81822283dcfa43d81acd9
Blue Mockingbird activity mines Monero cryptocurrency,482cd4c6fbf95ff8c4c6d0f24f8ea628
Blue Mockingbird activity mines Monero cryptocurrency,3f3c943ec87e05f613b6bd3fd7765d1a
Blue Mockingbird activity mines Monero cryptocurrency,8432f0b0e6fbfe4ac5d53400aa09d6e5
Blue Mockingbird activity mines Monero cryptocurrency,9ccdf92e630d907101a249f152451dfa
Blue Mockingbird activity mines Monero cryptocurrency,7803079212e69569d2354a0d047e1eae
Iranian Chafer APT Targeted Air Transportation and Government in Kuwait and Saudi Arabia,dc5695024cd23c90883db145cb236490
Iranian Chafer APT Targeted Air Transportation and Government in Kuwait and Saudi Arabia,dd9589b206791307d25e63d793c2ca31
Iranian Chafer APT Targeted Air Transportation and Government in Kuwait and Saudi Arabia,d0e74da12c5e8d35f6db1ae0c60748b7
Iranian Chafer APT Targeted Air Transportation and Government in Kuwait and Saudi Arabia,efbd849619aee8bd3429dd9ccb2a1995
New activity of DoubleGuns Group, control hundreds of thousands of bots via public cloud service,3fb5e2c05b73168c3f259d64b8978a64
New activity of DoubleGuns Group, control hundreds of thousands of bots via public cloud service,1785ef2d8bd40d8af32cca0f536cb6e8
New activity of DoubleGuns Group, control hundreds of thousands of bots via public cloud service,0c0f43ed8317869918a23a7e7bfeb0e8
New activity of DoubleGuns Group, control hundreds of thousands of bots via public cloud service,f46ea07e79033620ce13d35de19aac42
New activity of DoubleGuns Group, control hundreds of thousands of bots via public cloud service,aa497dfb5a92c28f7fa5b8e049155da0
New activity of DoubleGuns Group, control hundreds of thousands of bots via public cloud service,081e586a6010b3b72ba4934f8cbdb368
New activity of DoubleGuns Group, control hundreds of thousands of bots via public cloud service,04db0b062c7491a124bf7388d783c17e
Recent "Calypso APT" dropper,0cca656b9eaf267d6a0aea6cb16a4092
Recent "Calypso APT" dropper,c7b7c2fd16cd14daed9b21c73582214b
Recent "Calypso APT" dropper,301bbc862958a5a818926cfa458dba8c
Recent "Calypso APT" dropper,499dc97a109689c129069aa47357588c
Konni APT CISAC Lure,d41b09aa32633d77a8856dae33b3d7b9
ZLoader Loads Again: New ZLoader Variant Returns,41997b4a729e1a0175208305170752dd
ZLoader Loads Again: New ZLoader Variant Returns,c6b350b0d6f8dc37c144f76a57c9dbe7
ZLoader Loads Again: New ZLoader Variant Returns,6054da9bf92baed888d7c0bf9b608859
ZLoader Loads Again: New ZLoader Variant Returns,3d7ef38e63a73f1b0ca9a3a3ea39f491
ZLoader Loads Again: New ZLoader Variant Returns,6d2864f9d3349fc4292884e7baab4bcc
Spearphishing campaign targeting Taiwan government,c10172b050096fa082ffbe5ac71bc3b4
Spearphishing campaign targeting Taiwan government,f61f295fda78b5115d917a45cfe5bf18
The Evolution of APT15's Codebase 2020,002267297066965505e5e2ea1db867b4
The Evolution of APT15's Codebase 2020,278ac5d64e21a1ab63ec2c590a803253
The Evolution of APT15's Codebase 2020,a6b76197ff33342ed667448901c7278f
Sarwent Malware Continues to Evolve With Updated Command Functions,50a10e2888988d1fec72afaf6f6f1c5f
Sarwent Malware Continues to Evolve With Updated Command Functions,992cb447cf9bc8cd766bfb5877db8d95
Sarwent Malware Continues to Evolve With Updated Command Functions,184614b60a03355c9a4e668d702fb200
Sarwent Malware Continues to Evolve With Updated Command Functions,4d1acb1eb78a6254c6963d31018e56be
Sarwent Malware Continues to Evolve With Updated Command Functions,cf9dbb3f9ba6e2de80867a1d09aa7e60
WolfRAT Now Targeting Messaging Apps,ab3839b306ff0201160e4865d443dac3
WolfRAT Now Targeting Messaging Apps,d9736393647939676bbcbce446d35590
WolfRAT Now Targeting Messaging Apps,faf3b72e3513bdeced03601f1b929e32
WolfRAT Now Targeting Messaging Apps,987733a37fbb28c572a2b1ed020a221f
WolfRAT Now Targeting Messaging Apps,0fafc8e01ec7f804574e875e49436cff
Analyzing Dark Crystal RAT, a C# backdoor,bc2dc004028c4f0303f5e49984983352
Analyzing Dark Crystal RAT, a C# backdoor,047af34af65efd5c6ee38eb7ad100a01
Analyzing Dark Crystal RAT, a C# backdoor,212bad81b4208a2b412dfca05f1d9fa7
Analyzing Dark Crystal RAT, a C# backdoor,b478d340a787b85e086cc951d0696cb1
LOLSnif – Tracking Another Ursnif-Based Targeted Campaign,17f7151016b9267924ba99abc1a5cbcb
LOLSnif – Tracking Another Ursnif-Based Targeted Campaign,1704f680fd608ab5d1f5295f1f9a5105
LOLSnif – Tracking Another Ursnif-Based Targeted Campaign,f56772b9011d43747ef0d2b1eef19c06
Deep Dive Into TrickBot Executor Module "mexec": Reversing the Dropper Variant,44e2946d58a37fc9ed0650f60d0979f9
Deep Dive Into TrickBot Executor Module "mexec": Reversing the Dropper Variant,85fb47d7fd559eaf98ca59ed11010135
Deep Dive Into TrickBot Executor Module "mexec": Reversing the Dropper Variant,130392209b8b1e4aa37fd5c8da8fa6d5
Mirai and Hoaxcalls Botnets Target Legacy Symantec Web Gateways,575737d050652cb3a231bc382a3767f4
Mirai and Hoaxcalls Botnets Target Legacy Symantec Web Gateways,5ce4b855a0f7329c8af88ce64d925c7c
Mirai and Hoaxcalls Botnets Target Legacy Symantec Web Gateways,b8bed6692585b05b2e942fbc455c655f
Mirai and Hoaxcalls Botnets Target Legacy Symantec Web Gateways,0666ae20db73341c3b06b49a3ce0af9a
Mirai and Hoaxcalls Botnets Target Legacy Symantec Web Gateways,6c094f69f88790c8322bc75c8139a73f
Mirai and Hoaxcalls Botnets Target Legacy Symantec Web Gateways,4c22a5f336c72ea999c49c52f7ea788d
Mirai and Hoaxcalls Botnets Target Legacy Symantec Web Gateways,0584495973c3fca933ab05ac6cc64c20
Mirai and Hoaxcalls Botnets Target Legacy Symantec Web Gateways,4f448eb29fb316affb5e9daf6af04370
Mirai and Hoaxcalls Botnets Target Legacy Symantec Web Gateways,6d1bd8fe6bf68d7398ca64526b6a0afb
Mirai and Hoaxcalls Botnets Target Legacy Symantec Web Gateways,907982e81f5cf08ac71c0ac02e9cf4e3
Mirai and Hoaxcalls Botnets Target Legacy Symantec Web Gateways,18d7be66e3340fe95d2beb7dec27ddc6
Mirai and Hoaxcalls Botnets Target Legacy Symantec Web Gateways,2c1980646cd676fe0c7ecab9330a8685
Mirai and Hoaxcalls Botnets Target Legacy Symantec Web Gateways,10933660fc6337e1f84cfff4492c3c88
Mirai and Hoaxcalls Botnets Target Legacy Symantec Web Gateways,0f89ebb3f957d0ed687440801aa04977
Mirai and Hoaxcalls Botnets Target Legacy Symantec Web Gateways,2f7cfcd7a09acec1b43cf890884715a1
Mirai and Hoaxcalls Botnets Target Legacy Symantec Web Gateways,73db12386c751599117f36ed496b1cc8
Mirai and Hoaxcalls Botnets Target Legacy Symantec Web Gateways,2ff85d8f8d812bfb44ee19d184cf8004
Mirai and Hoaxcalls Botnets Target Legacy Symantec Web Gateways,9d4104322d9dec8bdbedcb639c0ae320
Mirai and Hoaxcalls Botnets Target Legacy Symantec Web Gateways,bd98ea4c35fbebd1d9b5208f004b6335
Mirai and Hoaxcalls Botnets Target Legacy Symantec Web Gateways,39ce9124015e253129e149f33112dcd8
Mirai and Hoaxcalls Botnets Target Legacy Symantec Web Gateways,64e731d17b5200d3045fcb42025f500d
Vendetta New Threat Actor from Europe,e73d9b2eba5e818cd4699f1484af5bce
Vendetta New Threat Actor from Europe,dd93825ca5bd3afda1c238ce2ded84e1
Vendetta New Threat Actor from Europe,2106b19ffb7bf327d64d4cd6bdb606b4
Uprooting Mandrake: The Story of an Advanced Android Spyware Framework That Went Undetected for 4 Years,769c2f941deb6ebce0ea67d4445ae686
Uprooting Mandrake: The Story of an Advanced Android Spyware Framework That Went Undetected for 4 Years,ff967badd3681b332af5d0e8b20db2c3
Uprooting Mandrake: The Story of an Advanced Android Spyware Framework That Went Undetected for 4 Years,bffba259b7430d5324c6509b3f92c0a3
Uprooting Mandrake: The Story of an Advanced Android Spyware Framework That Went Undetected for 4 Years,17e431ead516a6308b6a8c94a2e0932d
Uprooting Mandrake: The Story of an Advanced Android Spyware Framework That Went Undetected for 4 Years,2ddb55736a6696f3f66b10c2fffbacde
Uprooting Mandrake: The Story of an Advanced Android Spyware Framework That Went Undetected for 4 Years,d1c6524bc9bafdaab159a2402b9e5056
Uprooting Mandrake: The Story of an Advanced Android Spyware Framework That Went Undetected for 4 Years,2225f2be8c32f2a5b5cefe418098e4d4
Uprooting Mandrake: The Story of an Advanced Android Spyware Framework That Went Undetected for 4 Years,31dbda64ab6dc67fcf43dd8172c068d7
Uprooting Mandrake: The Story of an Advanced Android Spyware Framework That Went Undetected for 4 Years,134a27b776651dbe4aeec86067e715c0
Uprooting Mandrake: The Story of an Advanced Android Spyware Framework That Went Undetected for 4 Years,d9a111725120da98c2fa4624dffc0372
Uprooting Mandrake: The Story of an Advanced Android Spyware Framework That Went Undetected for 4 Years,50653e594d8019f72303978ea0e448fa
Uprooting Mandrake: The Story of an Advanced Android Spyware Framework That Went Undetected for 4 Years,62939e26abdf183888eb7c7a83a5d76f
Uprooting Mandrake: The Story of an Advanced Android Spyware Framework That Went Undetected for 4 Years,b2ffb1f6a756e3baddf2151032392d8b
Uprooting Mandrake: The Story of an Advanced Android Spyware Framework That Went Undetected for 4 Years,2d8f3f410f5dfd9850e7240e7a671684
Uprooting Mandrake: The Story of an Advanced Android Spyware Framework That Went Undetected for 4 Years,a33b07b15d76dd2fc74a065260341b56
Uprooting Mandrake: The Story of an Advanced Android Spyware Framework That Went Undetected for 4 Years,c87c13d18c560830fa048483cfc1470f
Uprooting Mandrake: The Story of an Advanced Android Spyware Framework That Went Undetected for 4 Years,3c3520eebbe93ab132e01f69a17fff37
Uprooting Mandrake: The Story of an Advanced Android Spyware Framework That Went Undetected for 4 Years,67d5a90767150d0da9cb8c7d7c5d59cd
Uprooting Mandrake: The Story of an Advanced Android Spyware Framework That Went Undetected for 4 Years,dd5868cf6eaa2fcf966fd308e89aaba5
Uprooting Mandrake: The Story of an Advanced Android Spyware Framework That Went Undetected for 4 Years,7c36d69856ad51b9644e4de02e7ef12b
Uprooting Mandrake: The Story of an Advanced Android Spyware Framework That Went Undetected for 4 Years,097ba092ecb90bfe3de50ee0d296e079
Uprooting Mandrake: The Story of an Advanced Android Spyware Framework That Went Undetected for 4 Years,ad4f00bb107a5e83cde80f34fcc083f3
Uprooting Mandrake: The Story of an Advanced Android Spyware Framework That Went Undetected for 4 Years,e25f9a9e1176b51ac495198c20e0b6c1
Uprooting Mandrake: The Story of an Advanced Android Spyware Framework That Went Undetected for 4 Years,2533667dc05ed5961ebeb0287d1354c0
Uprooting Mandrake: The Story of an Advanced Android Spyware Framework That Went Undetected for 4 Years,9e09467a00daa9c8b0e2293165f6237c
Uprooting Mandrake: The Story of an Advanced Android Spyware Framework That Went Undetected for 4 Years,1767056dca77c780fbdc8396387756a6
Uprooting Mandrake: The Story of an Advanced Android Spyware Framework That Went Undetected for 4 Years,dc30977eb044d461d75b4073df965504
Uprooting Mandrake: The Story of an Advanced Android Spyware Framework That Went Undetected for 4 Years,85eb7327fd01a993aee0e5d830cb04f1
Uprooting Mandrake: The Story of an Advanced Android Spyware Framework That Went Undetected for 4 Years,dcc510fbaedaa53713bf7524b6f4449f
Uprooting Mandrake: The Story of an Advanced Android Spyware Framework That Went Undetected for 4 Years,480084bff2bbe50d8282e54433a1477e
Uprooting Mandrake: The Story of an Advanced Android Spyware Framework That Went Undetected for 4 Years,89c35d03187db85247bb2602eceeb186
Uprooting Mandrake: The Story of an Advanced Android Spyware Framework That Went Undetected for 4 Years,139f0b8de9e5829177e7faf5ce626f10
Uprooting Mandrake: The Story of an Advanced Android Spyware Framework That Went Undetected for 4 Years,9b37458884e0d031ed779f1e666a8aee
Uprooting Mandrake: The Story of an Advanced Android Spyware Framework That Went Undetected for 4 Years,7d3d1aed89bcbf3a6283c7afd5fffe68
Uprooting Mandrake: The Story of an Advanced Android Spyware Framework That Went Undetected for 4 Years,73403d4e492cc9ef2b849fc74b47a27f
Uprooting Mandrake: The Story of an Advanced Android Spyware Framework That Went Undetected for 4 Years,da643fca4cc765b2734754b70499af66
Uprooting Mandrake: The Story of an Advanced Android Spyware Framework That Went Undetected for 4 Years,1437bd4e45ea57cb68599554a2c9ad6d
Uprooting Mandrake: The Story of an Advanced Android Spyware Framework That Went Undetected for 4 Years,2c1074b092fad0a1c26ee7790501acf1
Uprooting Mandrake: The Story of an Advanced Android Spyware Framework That Went Undetected for 4 Years,854fe13515a5e16f725ad581bc42a3ca
Uprooting Mandrake: The Story of an Advanced Android Spyware Framework That Went Undetected for 4 Years,1c1f6aaeb8759ce0323603d4d278838d
Uprooting Mandrake: The Story of an Advanced Android Spyware Framework That Went Undetected for 4 Years,28e8166a7603d293b515f2ca3d16d5cc
Uprooting Mandrake: The Story of an Advanced Android Spyware Framework That Went Undetected for 4 Years,b6b80f05de5d4394deeb8a6fe33fba97
Uprooting Mandrake: The Story of an Advanced Android Spyware Framework That Went Undetected for 4 Years,130678c900e987dc864656675719947a
Uprooting Mandrake: The Story of an Advanced Android Spyware Framework That Went Undetected for 4 Years,0c33df55396c7302e825e4cdf9d71963
Uprooting Mandrake: The Story of an Advanced Android Spyware Framework That Went Undetected for 4 Years,79780744c5366fa31c5473d57341d6b5
Uprooting Mandrake: The Story of an Advanced Android Spyware Framework That Went Undetected for 4 Years,db77f622dd20d4540d4260c966f0ea16
Uprooting Mandrake: The Story of an Advanced Android Spyware Framework That Went Undetected for 4 Years,102fa3c42f49e76739330c207eb74764
Uprooting Mandrake: The Story of an Advanced Android Spyware Framework That Went Undetected for 4 Years,0ba9a201cb420f67d2411c16e72551ff
Uprooting Mandrake: The Story of an Advanced Android Spyware Framework That Went Undetected for 4 Years,6e42fef0aaf514a840a83443be12c28a
Uprooting Mandrake: The Story of an Advanced Android Spyware Framework That Went Undetected for 4 Years,e72a988e51a3d5e48c14838f2a3a9c94
Uprooting Mandrake: The Story of an Advanced Android Spyware Framework That Went Undetected for 4 Years,761ce5e1ad67b5ea59d643969fa46f1d
Uprooting Mandrake: The Story of an Advanced Android Spyware Framework That Went Undetected for 4 Years,adec9bbd315ffcaf4867bc5b4f6a71c3
Uprooting Mandrake: The Story of an Advanced Android Spyware Framework That Went Undetected for 4 Years,01f54e3f381fa74ea6202a0eede3336c
Uprooting Mandrake: The Story of an Advanced Android Spyware Framework That Went Undetected for 4 Years,f73029781509f958d722b9aa76e4567e
Uprooting Mandrake: The Story of an Advanced Android Spyware Framework That Went Undetected for 4 Years,dcab3899303a486569a01678b4e9aefd
Uprooting Mandrake: The Story of an Advanced Android Spyware Framework That Went Undetected for 4 Years,31c8fe0d84cda9c2f1fcf906b4825a29
Uprooting Mandrake: The Story of an Advanced Android Spyware Framework That Went Undetected for 4 Years,59da03ef4c7b6c32e341c1a2ce6c26e9
Uprooting Mandrake: The Story of an Advanced Android Spyware Framework That Went Undetected for 4 Years,238f1ca8731b923195c78e8685fbc996
Uprooting Mandrake: The Story of an Advanced Android Spyware Framework That Went Undetected for 4 Years,fe42978bc27e90427e3759ade882d293
Uprooting Mandrake: The Story of an Advanced Android Spyware Framework That Went Undetected for 4 Years,cd3cb091edd1b143650a5bf17115cf79
Uprooting Mandrake: The Story of an Advanced Android Spyware Framework That Went Undetected for 4 Years,86958a2fde23133447f8e5a05d7219d7
Uprooting Mandrake: The Story of an Advanced Android Spyware Framework That Went Undetected for 4 Years,1c2d6b31ba319c0eac60058da0ad7bf1
Academic data centers abused for crypto currency mining,a0ec7d355dc9e7f232fb47bf401c3138
Academic data centers abused for crypto currency mining,02570c3a85fc1ccea9858ecacdc3a954
Academic data centers abused for crypto currency mining,780f236fb3646534832b2da9d5cf6eb0
Academic data centers abused for crypto currency mining,c764ba53fa9c5a24a88a1d2e17be6943
Academic data centers abused for crypto currency mining,ce7240b8bbb2bee8f300321eef46a41e
Academic data centers abused for crypto currency mining,65dde869c0e1455de24aadf5aa4538a2
Academic data centers abused for crypto currency mining,0b522e54bf3f276496793c44bec7362b
Academic data centers abused for crypto currency mining,261f16ec5d72078f6e3c21551ceaecb2
Academic data centers abused for crypto currency mining,11a186cd20d74f5dc0febe3d7904c52d
Academic data centers abused for crypto currency mining,5ed00cb88d218db8d09352d9058c400c
Academic data centers abused for crypto currency mining,d42553bd420e80ec31df5da2d5b932e0
Academic data centers abused for crypto currency mining,dd771b769ceeba0fc1d514a6e6530a70
Academic data centers abused for crypto currency mining,bf16df15225bc83a56b0cf0ec9012360
Academic data centers abused for crypto currency mining,fe9a46254cf233fcafeada013d0ec056
Netwire RAT Delivered via paste.ee and Excel to German users,65cdfc2467f09a971b398b97aad487a6
Netwire RAT Delivered via paste.ee and Excel to German users,3b95ff24ef6715d28acd5e17c0d1ffc1
Netwire RAT Delivered via paste.ee and Excel to German users,eba7548a74033c3477921b436ddade51
