QNodeService: Node.js Trojan Spread via Covid-19 Lure,central.qhub.qua.one
Backdoor, Devil Shadow Botnet Hidden in Fake Zoom Installers,madleets.ddns.net
Backdoor, Devil Shadow Botnet Hidden in Fake Zoom Installers,hosting303.000wenhostapp.com
New activity of DoubleGuns Group, control hundreds of thousands of bots via public cloud service,www.w15773.com
New activity of DoubleGuns Group, control hundreds of thousands of bots via public cloud service,pro.csocools.com
New activity of DoubleGuns Group, control hundreds of thousands of bots via public cloud service,white.fei46413.com
New activity of DoubleGuns Group, control hundreds of thousands of bots via public cloud service,ap.echoit1.com
New activity of DoubleGuns Group, control hundreds of thousands of bots via public cloud service,cs.wconf5.com
New activity of DoubleGuns Group, control hundreds of thousands of bots via public cloud service,cs.ledfaguang.com
Recent "Calypso APT" dropper,vs.usergetacss.com
From Agent.BTZ to ComRAT v4,foods.jkub.com
From Agent.BTZ to ComRAT v4,scrabble.ikwb.com
From Agent.BTZ to ComRAT v4,progress.zyns.com
Spearphishing campaign targeting Taiwan government,file.outlook-offices.com
Spearphishing campaign targeting Taiwan government,nds1.outlook-offices.com
Spearphishing campaign targeting Taiwan government,conference.outlook-offices.com
Spearphishing campaign targeting Taiwan government,mofa.outlook-offices.com
Spearphishing campaign targeting Taiwan government,file-sharing.tibet-office.com
Spearphishing campaign targeting Taiwan government,office.phonectrl.com
The Evolution of APT15's Codebase 2020,menu.thehuguardian.com
The Evolution of APT15's Codebase 2020,www.thehuguardian.com
Winnti Group Uses New Backdoor Against Gaming Industry,ssl2.ahnlabinc.com
Winnti Group Uses New Backdoor Against Gaming Industry,client.gnisoft.com
Winnti Group Uses New Backdoor Against Gaming Industry,ssl2.dyn-tracker.com
Winnti Group Uses New Backdoor Against Gaming Industry,owa.ahnlabinc.com
Winnti Group Uses New Backdoor Against Gaming Industry,www2.dyn.tracker.com
Winnti Group Uses New Backdoor Against Gaming Industry,nmn.nhndesk.com
Winnti Group Uses New Backdoor Against Gaming Industry,n8.ahnlabinc.com
WolfRAT Now Targeting Messaging Apps,svcws.somtum.today
WolfRAT Now Targeting Messaging Apps,www.somtum.today
WolfRAT Now Targeting Messaging Apps,www.ponethus.com
WolfRAT Now Targeting Messaging Apps,www.cendata.today
WolfRAT Now Targeting Messaging Apps,webmail.ponethus.com
WolfRAT Now Targeting Messaging Apps,www.databit.today
WolfRAT Now Targeting Messaging Apps,svc.somtum.today
WolfRAT Now Targeting Messaging Apps,svc.cendata.today
WolfRAT Now Targeting Messaging Apps,svcws.nampriknum.net
WolfRAT Now Targeting Messaging Apps,cvcws.ponethus.com
WolfRAT Now Targeting Messaging Apps,www.nampriknum.net
WolfRAT Now Targeting Messaging Apps,shop.databit.today
WolfRAT Now Targeting Messaging Apps,svc.ponethus.com
WolfRAT Now Targeting Messaging Apps,svcws.cendata.today
WolfRAT Now Targeting Messaging Apps,svc.databit.today
WolfRAT Now Targeting Messaging Apps,svc.nampriknum.net
WolfRAT Now Targeting Messaging Apps,test.databit.today
Eleethub: A Cryptocurrency Mining Botnet with Rootkit for Self-Hiding,irc.eleethub.com
Eleethub: A Cryptocurrency Mining Botnet with Rootkit for Self-Hiding,ghost.eleethub.com
Analyzing Dark Crystal RAT, a C# backdoor,files.dcrat.ru
LOLSnif – Tracking Another Ursnif-Based Targeted Campaign,been.dianer.at
LOLSnif – Tracking Another Ursnif-Based Targeted Campaign,deem.dianer.at
LOLSnif – Tracking Another Ursnif-Based Targeted Campaign,two.ahah100.at
LOLSnif – Tracking Another Ursnif-Based Targeted Campaign,ap.ganikol.at
LOLSnif – Tracking Another Ursnif-Based Targeted Campaign,ya.aftnoop.at
LOLSnif – Tracking Another Ursnif-Based Targeted Campaign,api5.malorun.at
LOLSnif – Tracking Another Ursnif-Based Targeted Campaign,api10.dianer.at
LOLSnif – Tracking Another Ursnif-Based Targeted Campaign,df1.kamalak.at
LOLSnif – Tracking Another Ursnif-Based Targeted Campaign,ad1.wensa.at
LOLSnif – Tracking Another Ursnif-Based Targeted Campaign,g8.farihon.at
LOLSnif – Tracking Another Ursnif-Based Targeted Campaign,nort.calag.at
LOLSnif – Tracking Another Ursnif-Based Targeted Campaign,chat.casus.at
LOLSnif – Tracking Another Ursnif-Based Targeted Campaign,app.calag.at
LOLSnif – Tracking Another Ursnif-Based Targeted Campaign,io.laurela.at
LOLSnif – Tracking Another Ursnif-Based Targeted Campaign,api2.casus.at
LOLSnif – Tracking Another Ursnif-Based Targeted Campaign,w8.wensa.at
LOLSnif – Tracking Another Ursnif-Based Targeted Campaign,api3.lamanak.at
LOLSnif – Tracking Another Ursnif-Based Targeted Campaign,api11.explik.at
LOLSnif – Tracking Another Ursnif-Based Targeted Campaign,k28.ioipzet.at
LOLSnif – Tracking Another Ursnif-Based Targeted Campaign,chat.allage.at
LOLSnif – Tracking Another Ursnif-Based Targeted Campaign,f1.pipen.at
LOLSnif – Tracking Another Ursnif-Based Targeted Campaign,vv.malorun.at
