New activity of DoubleGuns Group, control hundreds of thousands of bots via public cloud service,125.124.255.20
New activity of DoubleGuns Group, control hundreds of thousands of bots via public cloud service,125.124.255.79
The Evolution of APT15's Codebase 2020,45.56.84.25
Sarwent Malware Continues to Evolve With Updated Command Functions,212.73.150.246
Eleethub: A Cryptocurrency Mining Botnet with Rootkit for Self-Hiding,82.76.255.62
Deep Dive Into TrickBot Executor Module "mexec": Reversing the Dropper Variant,104.168.98.206
Deep Dive Into TrickBot Executor Module "mexec": Reversing the Dropper Variant,64.91.251.250
Deep Dive Into TrickBot Executor Module "mexec": Reversing the Dropper Variant,107.173.160.14
Deep Dive Into TrickBot Executor Module "mexec": Reversing the Dropper Variant,85.204.116.245
Deep Dive Into TrickBot Executor Module "mexec": Reversing the Dropper Variant,198.46.161.242
Deep Dive Into TrickBot Executor Module "mexec": Reversing the Dropper Variant,185.98.87.185
Deep Dive Into TrickBot Executor Module "mexec": Reversing the Dropper Variant,172.82.152.15
Mirai and Hoaxcalls Botnets Target Legacy Symantec Web Gateways,164.132.92.180
Mirai and Hoaxcalls Botnets Target Legacy Symantec Web Gateways,45.95.168.250
Vendetta New Threat Actor from Europe,172.111.188.199
Academic data centers abused for crypto currency mining,159.226.234.29
Academic data centers abused for crypto currency mining,149.156.26.56
Academic data centers abused for crypto currency mining,142.150.255.49
Academic data centers abused for crypto currency mining,149.156.26.227
