QNodeService: Node.js Trojan Spread via Covid-19 Lure,https://central.qhub.qua.one/scripts/qnodejs-
QNodeService: Node.js Trojan Spread via Covid-19 Lure,https://central.qhub.qua.one/scripts/wizard.js.
New activity of DoubleGuns Group, control hundreds of thousands of bots via public cloud service,https://pro.csocools.com:12310/123.html
New activity of DoubleGuns Group, control hundreds of thousands of bots via public cloud service,https://ap.echoit1.com:12310/123.html
New activity of DoubleGuns Group, control hundreds of thousands of bots via public cloud service,https://www.w15773.com:12309/report.ashx
New activity of DoubleGuns Group, control hundreds of thousands of bots via public cloud service,http://white.fei46413.com:12313/config.html
New activity of DoubleGuns Group, control hundreds of thousands of bots via public cloud service,http://pro.csocools.com:8889/stat1.ashx
New activity of DoubleGuns Group, control hundreds of thousands of bots via public cloud service,http://cs.wconf5.com:8889/stat1.ashx
New activity of DoubleGuns Group, control hundreds of thousands of bots via public cloud service,https://ap.echoit1.com:12309/report.ashx
New activity of DoubleGuns Group, control hundreds of thousands of bots via public cloud service,http://cs.ledfaguang.com:8889/stat1.ashx
New activity of DoubleGuns Group, control hundreds of thousands of bots via public cloud service,https://cs.wconf5.com:12709/report.ashx
New activity of DoubleGuns Group, control hundreds of thousands of bots via public cloud service,https://www.w15773.com:12310/123.html
New activity of DoubleGuns Group, control hundreds of thousands of bots via public cloud service,https://cs.wconf5.com:12710/123.html
New activity of DoubleGuns Group, control hundreds of thousands of bots via public cloud service,https://ap.echoit1.com:12710/123.html
New activity of DoubleGuns Group, control hundreds of thousands of bots via public cloud service,https://cs.ledfaguang.com:12710/123.html
New activity of DoubleGuns Group, control hundreds of thousands of bots via public cloud service,https://pro.csocools.com:12309/report.ashx
New activity of DoubleGuns Group, control hundreds of thousands of bots via public cloud service,https://cs.wconf5.com:12713/config.html
New activity of DoubleGuns Group, control hundreds of thousands of bots via public cloud service,http://white.fei46413.com:8889/stat1.ashx
New activity of DoubleGuns Group, control hundreds of thousands of bots via public cloud service,https://ap.echoit1.com:12709/report.ashx
New activity of DoubleGuns Group, control hundreds of thousands of bots via public cloud service,https://cs.wconf5.com:12715/GetTag.ashx
New activity of DoubleGuns Group, control hundreds of thousands of bots via public cloud service,https://cs.ledfaguang.com:12709/report.ashx
New activity of DoubleGuns Group, control hundreds of thousands of bots via public cloud service,http://www.w15773.com:8889/stat1.ashx
New activity of DoubleGuns Group, control hundreds of thousands of bots via public cloud service,http://cs.ledfaguang.com:12713/config.html
New activity of DoubleGuns Group, control hundreds of thousands of bots via public cloud service,http://www.w15773.com:12313/config.html
Konni APT CISAC Lure,http://authadobe.medianewsonline.com/up.php
Konni APT CISAC Lure,http://adobeevent.medianewsonline.com/4.dat
Konni APT CISAC Lure,http://adobeevent.medianewsonline.com/3.dat
ZLoader Loads Again: New ZLoader Variant Returns,http://march262020.tech/post.php
ZLoader Loads Again: New ZLoader Variant Returns,http://march262020.store/post.php
ZLoader Loads Again: New ZLoader Variant Returns,http://march262020.site/post.php
ZLoader Loads Again: New ZLoader Variant Returns,http://march262020.online/post.php
ZLoader Loads Again: New ZLoader Variant Returns,http://march262020.network/post.php
ZLoader Loads Again: New ZLoader Variant Returns,http://march262020.live/post.php
ZLoader Loads Again: New ZLoader Variant Returns,http://march262020.com/post.php
ZLoader Loads Again: New ZLoader Variant Returns,http://march262020.club/post.php
ZLoader Loads Again: New ZLoader Variant Returns,http://march262020.best/post.php
ZLoader Loads Again: New ZLoader Variant Returns,https://209711.com/process.php
ZLoader Loads Again: New ZLoader Variant Returns,https://124331.com/success.php
ZLoader Loads Again: New ZLoader Variant Returns,https://106311.com/comegetsome.php
ZLoader Loads Again: New ZLoader Variant Returns,https://105711.com/docs.php
ZLoader Loads Again: New ZLoader Variant Returns,https://todiks.xyz/milagrecf.php
ZLoader Loads Again: New ZLoader Variant Returns,https://xyajbocpggsr.site/wp-config.php
ZLoader Loads Again: New ZLoader Variant Returns,https://brihutyk.xyz/abbyupdater.php
ZLoader Loads Again: New ZLoader Variant Returns,https://vfgthujbxd.xyz/milagrecf.php
ZLoader Loads Again: New ZLoader Variant Returns,https://asdmark.org/ph4xUMChrXId6.php
ZLoader Loads Again: New ZLoader Variant Returns,https://ooygvpxrb.pw/wp-config.php
Spearphishing campaign targeting Taiwan government,http://conference.outlook-offices.com/email/xls/conference-2020.docx.zip
Sarwent Malware Continues to Evolve With Updated Command Functions,http://beurbn.com/install.exe
Sarwent Malware Continues to Evolve With Updated Command Functions,http://whatsmyhomeworthlondonontario.ca/wp-admin/version.exe
The "Silent Night" Zloader/Zbot,http://blazeseher.xyz/gravitels.php
The "Silent Night" Zloader/Zbot,http://disrelure.com/sound.php
The "Silent Night" Zloader/Zbot,http://banog.org/sound.php
The "Silent Night" Zloader/Zbot,http://iloveyoubaby1.pro/gate.php
The "Silent Night" Zloader/Zbot,http://zonaa.org/sound.php
The "Silent Night" Zloader/Zbot,http://idisaudhasdhasdj.com/web/gate.php
The "Silent Night" Zloader/Zbot,http://gilantec.org/sound.php
The "Silent Night" Zloader/Zbot,http://fdsjfjdsfjdsdsjajjs.info/gate.php
The "Silent Night" Zloader/Zbot,http://hibsurf.com/sound.php
The "Silent Night" Zloader/Zbot,http://teslatis.org/sound.php
The "Silent Night" Zloader/Zbot,http://marchadvertisingnetwork6.com/post.php
The "Silent Night" Zloader/Zbot,http://dandycodes.com/sound.php
The "Silent Night" Zloader/Zbot,http://kodray.org/sound.php
The "Silent Night" Zloader/Zbot,http://zoraokorol.xyz/gravitels.php
The "Silent Night" Zloader/Zbot,http://www.eurodancehitslatm.de/music.php
The "Silent Night" Zloader/Zbot,http://barbeyo.xyz/milagrecf.php
The "Silent Night" Zloader/Zbot,http://dsdjfhdsufudhjas.com/web/gate.php
The "Silent Night" Zloader/Zbot,http://fdsjfjdsfjdsdsjajjs.com/gate.php
The "Silent Night" Zloader/Zbot,http://geost.com/sound.php
The "Silent Night" Zloader/Zbot,http://185.236.202.226/sound.php
The "Silent Night" Zloader/Zbot,http://ronswank.com/sound.php
The "Silent Night" Zloader/Zbot,http://s28hs823hs823js.com/jbYm9bt/NlGkb4ivk.php
The "Silent Night" Zloader/Zbot,http://milsop.org/sound.php
The "Silent Night" Zloader/Zbot,http://ojnxjgfjlftfkkuxxiqd.com/post.php
The "Silent Night" Zloader/Zbot,http://finib.org/sound.php
The "Silent Night" Zloader/Zbot,http://czadvokat.info/gate.php
The "Silent Night" Zloader/Zbot,http://avnjila.website/stuck.php
The "Silent Night" Zloader/Zbot,http://snnmnkxdhflwgthqismb.com/post.php
The "Silent Night" Zloader/Zbot,http://ifjedssofllvcr.com/jbYm9bt/NlGkb4ivk.php
The "Silent Night" Zloader/Zbot,http://bdr.ubibancaa.space/stat.php
The "Silent Night" Zloader/Zbot,http://bwambztl.xyz/milagrecf.php
The "Silent Night" Zloader/Zbot,http://brihutyk.xyz/abbyupdater.php
The "Silent Night" Zloader/Zbot,http://fyratyubvflktyyjiqgq.com/post.php
The "Silent Night" Zloader/Zbot,http://oidjweidj34rd3.com/jbYm9bt/NlGkb4ivk.php
The "Silent Night" Zloader/Zbot,http://idsakjfsanfaskj.com/gate.php
The "Silent Night" Zloader/Zbot,http://www.wuaiwan.cn/wp-content/uploads/2020/04/123.php
The "Silent Night" Zloader/Zbot,http://dskdsajdsadasda.info/gate.php
The "Silent Night" Zloader/Zbot,http://spensores.com/sound.php
The "Silent Night" Zloader/Zbot,http://vitog502.live/erors.php
The "Silent Night" Zloader/Zbot,http://dasifosafjasfhasf.com/gate.php
The "Silent Night" Zloader/Zbot,http://marchadvertisingnetwork7.com/post.php
The "Silent Night" Zloader/Zbot,http://dierdreswensson.xyz/gravitels.php
The "Silent Night" Zloader/Zbot,http://jdafiasfjsafahhfs.com/web/gate.php
The "Silent Night" Zloader/Zbot,http://bdr.ubibancaa.host/stat.php
The "Silent Night" Zloader/Zbot,http://ldhly.com/wp-parser.php
The "Silent Night" Zloader/Zbot,http://hormonas.comegico.com.mx/wp-parser.php
The "Silent Night" Zloader/Zbot,http://dsdjfhdsufudhjas.com/gate.php
The "Silent Night" Zloader/Zbot,http://leaben.pw/milagrecf.php
The "Silent Night" Zloader/Zbot,http://mayinakh.xyz/plugins.php
The "Silent Night" Zloader/Zbot,http://glsunzdf.casa/wp-config.php
The "Silent Night" Zloader/Zbot,http://dentatox.org/sound.php
The "Silent Night" Zloader/Zbot,http://bdr.ubibanca.pro/stat.php
The "Silent Night" Zloader/Zbot,http://representis.icu/noagate.php
The "Silent Night" Zloader/Zbot,http://hinurs.org/sound.php
The "Silent Night" Zloader/Zbot,http://pitinjest.org/sound.php
The "Silent Night" Zloader/Zbot,http://bdr.ubibancaa.fun/stat.php
The "Silent Night" Zloader/Zbot,http://rhald.org/sound.php
The "Silent Night" Zloader/Zbot,http://loots.org/sound.php
The "Silent Night" Zloader/Zbot,http://dcaiqjgnbt.icu/wp-config.php
The "Silent Night" Zloader/Zbot,http://unwer.org/sound.php
The "Silent Night" Zloader/Zbot,http://45.72.3.132/web7643/gate.php
The "Silent Night" Zloader/Zbot,http://marchadvertisingnetwork4.com/post.php
The "Silent Night" Zloader/Zbot,http://bluslias.com/sound.php
The "Silent Night" Zloader/Zbot,http://162.241.115.242/sound.php
The "Silent Night" Zloader/Zbot,http://surgued.com/sound.php
The "Silent Night" Zloader/Zbot,http://far.spargroarr.org/tv/x.php
The "Silent Night" Zloader/Zbot,http://buhjike.host/milagrecf.php
The "Silent Night" Zloader/Zbot,http://axelerode.host/stuck.php
The "Silent Night" Zloader/Zbot,http://namilh.com/sound.php
The "Silent Night" Zloader/Zbot,http://dsdjfhd9ddksaas.pro/gate.php
The "Silent Night" Zloader/Zbot,http://grually.com/sound.php
The "Silent Night" Zloader/Zbot,http://nncpsedsb.host/wp-config.php
The "Silent Night" Zloader/Zbot,http://185.180.198.32/abbyupdater.php
The "Silent Night" Zloader/Zbot,http://40j9f2j9sj32ssoj.com/jbYm9bt/NlGkb4ivk.php
The "Silent Night" Zloader/Zbot,http://62.109.2.250/gate.php
The "Silent Night" Zloader/Zbot,http://representis.xyz/noagate.php
The "Silent Night" Zloader/Zbot,http://polild.org/sound.php
The "Silent Night" Zloader/Zbot,http://pacallse.com/sound.php
The "Silent Night" Zloader/Zbot,http://www.danceeruohitslatm.de/music.php
The "Silent Night" Zloader/Zbot,http://penaght.org/sound.php
The "Silent Night" Zloader/Zbot,http://kdsidsiadsakfsas.com/web/gate.php
The "Silent Night" Zloader/Zbot,http://lotio.org/sound.php
The "Silent Night" Zloader/Zbot,http://iawfqecrwohcxnhwtofa.com/post.php
The "Silent Night" Zloader/Zbot,http://kasfajfsafhasfhaf.com/web/gate.php
The "Silent Night" Zloader/Zbot,http://gorab.org/sound.php
The "Silent Night" Zloader/Zbot,http://vitog502.world/erors.php
The "Silent Night" Zloader/Zbot,http://pheia.com/sound.php
The "Silent Night" Zloader/Zbot,http://happyiphoneusr.top/erors.php
The "Silent Night" Zloader/Zbot,http://baatiot.com/sound.php
The "Silent Night" Zloader/Zbot,http://tarynak.org/sound.php
The "Silent Night" Zloader/Zbot,http://bluecheese.top/erors.php
The "Silent Night" Zloader/Zbot,http://norpy.org/sound.php
The "Silent Night" Zloader/Zbot,http://185.236.202.146/sound.php
The "Silent Night" Zloader/Zbot,http://238ehs823s8h23.com/jbYm9bt/NlGkb4ivk.php
The "Silent Night" Zloader/Zbot,http://msrtuhctb.pw/wp-config.php
The "Silent Night" Zloader/Zbot,http://lildor.com/sound.php
The "Silent Night" Zloader/Zbot,http://welefus.com/sound.php
The "Silent Night" Zloader/Zbot,http://oajdasnndkdahm.com/gate.php
The "Silent Night" Zloader/Zbot,http://dhteijwrb.host/milagrecf.php
The "Silent Night" Zloader/Zbot,http://pressrealbox.com/post.php
The "Silent Night" Zloader/Zbot,http://vfgthujbxd.xyz/milagrecf.php
The "Silent Night" Zloader/Zbot,http://akrisko.info/gate.php
The "Silent Night" Zloader/Zbot,http://fflxcsbtb.pw/wp-config.php
The "Silent Night" Zloader/Zbot,http://fibulu.org/sound.php
The "Silent Night" Zloader/Zbot,http://qwd8s3j8s23h8s.com/jbYm9bt/NlGkb4ivk.php
The "Silent Night" Zloader/Zbot,http://rayonch.org/sound.php
The "Silent Night" Zloader/Zbot,http://giril.org/sound.php
The "Silent Night" Zloader/Zbot,http://insceos.com/post.php
The "Silent Night" Zloader/Zbot,http://vanagitah.com/sound.php
The "Silent Night" Zloader/Zbot,http://etized.org/sound.php
The "Silent Night" Zloader/Zbot,http://erbscactus.at/noagate.php
The "Silent Night" Zloader/Zbot,http://ciconuati.com/sound.php
The "Silent Night" Zloader/Zbot,http://artiealtiery.xyz/gravitels.php
The "Silent Night" Zloader/Zbot,http://islacangrejo.fun/library/topikpost.php
The "Silent Night" Zloader/Zbot,http://marchadvertisingnetwork.com/post.php
The "Silent Night" Zloader/Zbot,http://idjwidj8f4f5ge.com/jbYm9bt/NlGkb4ivk.php
The "Silent Night" Zloader/Zbot,http://j2888hennene.site/library/topikpost.php
The "Silent Night" Zloader/Zbot,http://marchadvertisingnetwork3.com/post.php
The "Silent Night" Zloader/Zbot,http://peermems.com/sound.php
The "Silent Night" Zloader/Zbot,http://kuaxbdkvbbmivbxkrrev.com/wp-config.php
The "Silent Night" Zloader/Zbot,http://trebitmore.org/sound.php
The "Silent Night" Zloader/Zbot,http://iphonexsmax.top/erors.php
The "Silent Night" Zloader/Zbot,http://gynrhcoe.pw/wp-config.php
The "Silent Night" Zloader/Zbot,http://195.154.119.165/gate.php
The "Silent Night" Zloader/Zbot,http://zernel.org/sound.php
The "Silent Night" Zloader/Zbot,http://watae.org/sound.php
The "Silent Night" Zloader/Zbot,http://jzfozxqe.site/gravitels.php
The "Silent Night" Zloader/Zbot,http://oajdasnndkdahm.com/web/gate.php
The "Silent Night" Zloader/Zbot,http://soficatan.site/milagrecf.php
The "Silent Night" Zloader/Zbot,http://hopime.com/wp-parser.php
The "Silent Night" Zloader/Zbot,http://tepbfiafbtt.pw/wp-config.php
The "Silent Night" Zloader/Zbot,http://lesson.musicentrance.com/wp-parser.php
The "Silent Night" Zloader/Zbot,http://dxdeedle.host/gravitels.php
The "Silent Night" Zloader/Zbot,http://ooygvpxrb.pw/wp-config.php
The "Silent Night" Zloader/Zbot,http://fsakjdsafasifkajfaf.pro/gate.php
The "Silent Night" Zloader/Zbot,http://aracp.org/sound.php
The "Silent Night" Zloader/Zbot,http://klill.com/sound.php
The "Silent Night" Zloader/Zbot,http://mioniough.com/sound.php
The "Silent Night" Zloader/Zbot,http://3reh8rd23js9.com/jbYm9bt/NlGkb4ivk.php
The "Silent Night" Zloader/Zbot,http://irfanhaber.net/wp-parser.php
The "Silent Night" Zloader/Zbot,http://nurgsozebt.pw/wp-config.php
The "Silent Night" Zloader/Zbot,http://wgyvjbse.pw/milagrecf.php
The "Silent Night" Zloader/Zbot,http://horcinx.org/sound.php
The "Silent Night" Zloader/Zbot,http://smenard.com/sound.php
The "Silent Night" Zloader/Zbot,http://185.185.24.49/gate.php
The "Silent Night" Zloader/Zbot,http://soceneo.com/sound.php
The "Silent Night" Zloader/Zbot,http://representis.icu/gate.php
The "Silent Night" Zloader/Zbot,http://gavrelets.ru/wp-parser.php
The "Silent Night" Zloader/Zbot,http://kasfajfsafhasfhaf.com/gate.php
The "Silent Night" Zloader/Zbot,http://heartsmobileautorepair.com/redir.php
The "Silent Night" Zloader/Zbot,http://lgepubbf.icu/wp-config.php
The "Silent Night" Zloader/Zbot,http://naght.org/sound.php
The "Silent Night" Zloader/Zbot,http://tarsilh.com/sound.php
The "Silent Night" Zloader/Zbot,http://postgringos.com/sound.php
The "Silent Night" Zloader/Zbot,http://vitog502.digital/erors.php
The "Silent Night" Zloader/Zbot,http://fdsjfjdsfjdsdsjajjs.com/web/gate.php
The "Silent Night" Zloader/Zbot,http://js823hs23js.com/jbYm9bt/NlGkb4ivk.php
The "Silent Night" Zloader/Zbot,http://todiks.xyz/milagrecf.php
The "Silent Night" Zloader/Zbot,http://buhismus.com/sound.php
The "Silent Night" Zloader/Zbot,http://chorbly.org/sound.php
The "Silent Night" Zloader/Zbot,http://lonehee.com/sound.php
The "Silent Night" Zloader/Zbot,http://adird.org/sound.php
The "Silent Night" Zloader/Zbot,http://185.236.202.235/sound.php
The "Silent Night" Zloader/Zbot,http://www.trancepartysets.de/music.php
The "Silent Night" Zloader/Zbot,http://axelerode.club/stuck.php
The "Silent Night" Zloader/Zbot,http://april30domain.com/post.php
The "Silent Night" Zloader/Zbot,http://eirry.org/sound.php
The "Silent Night" Zloader/Zbot,http://luckystatus.com/wp-parser.php
The "Silent Night" Zloader/Zbot,http://d9j49dj923993.com/jbYm9bt/NlGkb4ivk.php
The "Silent Night" Zloader/Zbot,http://djsadhsadsadjashs.pro/gate.php
The "Silent Night" Zloader/Zbot,http://finuclier.com/sound.php
The "Silent Night" Zloader/Zbot,http://adandore.com/sound.php
The "Silent Night" Zloader/Zbot,http://rehoterv.org/sound.php
The "Silent Night" Zloader/Zbot,http://adran.org/sound.php
The "Silent Night" Zloader/Zbot,http://isfjiaaodwsoi.com/jbYm9bt/NlGkb4ivk.php
The "Silent Night" Zloader/Zbot,http://hwbblyyrb.pw/wp-config.php
The "Silent Night" Zloader/Zbot,http://postxer.com/sound.php
The "Silent Night" Zloader/Zbot,http://footmess.com/sound.php
The "Silent Night" Zloader/Zbot,http://onregcan.com/post.php
The "Silent Night" Zloader/Zbot,http://tilyn.org/sound.php
The "Silent Night" Zloader/Zbot,http://grimberks.com/post.php
The "Silent Night" Zloader/Zbot,http://ajvwdjtebb.pw/wp-config.php
The "Silent Night" Zloader/Zbot,http://mslfiedjssfdes.com/jbYm9bt/NlGkb4ivk.php
The "Silent Night" Zloader/Zbot,http://gdexordsb.icu/wp-config.php
The "Silent Night" Zloader/Zbot,http://apprdlbtb.pw/wp-config.php
The "Silent Night" Zloader/Zbot,http://wd23h8qsh8qhs823qs.com/jbYm9bt/NlGkb4ivk.php
The "Silent Night" Zloader/Zbot,http://fvqlkgedqjiqgapudkgq.com/post.php
The "Silent Night" Zloader/Zbot,http://botiq.xyz/milagrecf.php
The "Silent Night" Zloader/Zbot,http://217.138.205.135/sound.php
The "Silent Night" Zloader/Zbot,http://banssa.org/sound.php
The "Silent Night" Zloader/Zbot,http://dsjdjsjdsadhasdas.com/gate.php
The "Silent Night" Zloader/Zbot,http://basorkiq.host/milagrecf.php
The "Silent Night" Zloader/Zbot,http://rizoqur.pw/milagrecf.php
The "Silent Night" Zloader/Zbot,http://marchadvertisingnetwork8.com/post.php
The "Silent Night" Zloader/Zbot,http://ydmfemfe.pw/gravitels.php
The "Silent Night" Zloader/Zbot,http://adslsticker.world/click.php
The "Silent Night" Zloader/Zbot,http://2.57.38.157/sound.php
The "Silent Night" Zloader/Zbot,http://shotroot.xyz/data.php
The "Silent Night" Zloader/Zbot,http://dij49jf39fjd340d.com/jbYm9bt/NlGkb4ivk.php
The "Silent Night" Zloader/Zbot,http://april30x3domain.com/post.php
The "Silent Night" Zloader/Zbot,http://dasifosafjasfhasf.com/web/gate.php
The "Silent Night" Zloader/Zbot,http://hesaista.org/sound.php
The "Silent Night" Zloader/Zbot,http://tirdo.org/sound.php
The "Silent Night" Zloader/Zbot,http://airnaa.org/sound.php
The "Silent Night" Zloader/Zbot,http://roo.purcererya.org/tv/x.php
The "Silent Night" Zloader/Zbot,http://baj3tu.xyz/image.php
The "Silent Night" Zloader/Zbot,http://zgpqjzwrb.pw/gravitels.php
The "Silent Night" Zloader/Zbot,http://greenrumba.com/sound.php
The "Silent Night" Zloader/Zbot,http://liangzizhineng.cn/wp-parser.php
The "Silent Night" Zloader/Zbot,http://sandyfotos.com/sound.php
The "Silent Night" Zloader/Zbot,http://ffclubs.net/erors.php
The "Silent Night" Zloader/Zbot,http://detid.org/sound.php
The "Silent Night" Zloader/Zbot,http://wmwifbajxxbcxmucxmlc.com/post.php
The "Silent Night" Zloader/Zbot,http://marchadvertisingnetwork5.com/post.php
The "Silent Night" Zloader/Zbot,http://dskdsajdsahda.info/gate.php
The "Silent Night" Zloader/Zbot,http://maxbiler.dk/wp-parser.php
The "Silent Night" Zloader/Zbot,http://marchadvertisingnetwork9.com/post.php
The "Silent Night" Zloader/Zbot,http://dskjdsadhsahjsas.info/gate.php
The "Silent Night" Zloader/Zbot,http://adslstickerf1.world/click.php
The "Silent Night" Zloader/Zbot,http://ficutept.com/sound.php
The "Silent Night" Zloader/Zbot,http://knalc.com/sound.php
The "Silent Night" Zloader/Zbot,http://dsdjfhdsufudhjas.pro/gate.php
The "Silent Night" Zloader/Zbot,http://fotonums.com/sound.php
The "Silent Night" Zloader/Zbot,http://spardanos.com/sound.php
The "Silent Night" Zloader/Zbot,http://zelacarths.com/sound.php
The "Silent Night" Zloader/Zbot,http://idisaudhasdhasdj.info/gate.php
The "Silent Night" Zloader/Zbot,http://monbrase.com/post.php
The "Silent Night" Zloader/Zbot,http://cersubego.com/sound.php
The "Silent Night" Zloader/Zbot,http://fdsjfjdsfjdsjfdjsfh.com/web/gate.php
The "Silent Night" Zloader/Zbot,http://adslstickerf.world/click.php
The "Silent Night" Zloader/Zbot,http://jewellerydesigns.co.za/wp-parser.php
The "Silent Night" Zloader/Zbot,http://smeack.org/sound.php
The "Silent Night" Zloader/Zbot,http://heartsmobileautorepair.com/123.php
The "Silent Night" Zloader/Zbot,http://idisaudhasdhasdj.com/gate.php
The "Silent Night" Zloader/Zbot,http://gertibaeronjdkwp.site/library/topikpost.php
The "Silent Night" Zloader/Zbot,http://thoughtlibrary.top/library/topikpost.php
The "Silent Night" Zloader/Zbot,http://purots.com/sound.php
The "Silent Night" Zloader/Zbot,http://marchadvertisingnetwork2.com/post.php
The "Silent Night" Zloader/Zbot,http://www.deephousesets1.de/music.php
The "Silent Night" Zloader/Zbot,http://adslstickerfone.world/click.php
The "Silent Night" Zloader/Zbot,http://obeaf.com/sound.php
The "Silent Night" Zloader/Zbot,http://nexycombats.com/sound.php
The "Silent Night" Zloader/Zbot,http://vacontd.com/sound.php
The "Silent Night" Zloader/Zbot,http://pearlsolutionis.com/post.php
The "Silent Night" Zloader/Zbot,http://invesund.org/sound.php
The "Silent Night" Zloader/Zbot,http://hahwuUmkwioq.site/library/topikpost.php
The "Silent Night" Zloader/Zbot,http://stagolk.com/sound.php
The "Silent Night" Zloader/Zbot,http://pqayjeenbbt.icu/wp-config.php
The "Silent Night" Zloader/Zbot,http://interurbanpu.at/noagate.php
The "Silent Night" Zloader/Zbot,http://dcgljuzrb.pw/wp-config.php
The "Silent Night" Zloader/Zbot,http://kdsidsiadsakfsas.com/gate.php
The "Silent Night" Zloader/Zbot,http://eoieowo.casa/wp-config.php
The "Silent Night" Zloader/Zbot,http://sigmark.org/sound.php
The "Silent Night" Zloader/Zbot,http://calul.org/sound.php
The "Silent Night" Zloader/Zbot,http://shatskie.org/sound.php
The "Silent Night" Zloader/Zbot,http://sifeiwdjiesde.com/jbYm9bt/NlGkb4ivk.php
The "Silent Night" Zloader/Zbot,http://23d8s23hs89j239sj23.com/jbYm9bt/NlGkb4ivk.php
The "Silent Night" Zloader/Zbot,http://verobani.website/milagrecf.php
The "Silent Night" Zloader/Zbot,http://evahs.org/sound.php
The "Silent Night" Zloader/Zbot,http://brosmasters.com/sound.php
The "Silent Night" Zloader/Zbot,http://japanjisho.info/wp-parser.php
The "Silent Night" Zloader/Zbot,http://wlqaqife.icu/wp-config.php
The "Silent Night" Zloader/Zbot,http://cmmxhurildiigqghlryq.com/post.php
The "Silent Night" Zloader/Zbot,http://d823hrd9239sdj2.com/jbYm9bt/NlGkb4ivk.php
The "Silent Night" Zloader/Zbot,http://bdr.ubibancaa.website/stat.php
The "Silent Night" Zloader/Zbot,http://cristinneese.xyz/gravitels.php
The "Silent Night" Zloader/Zbot,http://twinsors.xyz/gravitels.php
The "Silent Night" Zloader/Zbot,http://rarigussa.com/sound.php
The "Silent Night" Zloader/Zbot,http://sentspiels.com/sound.php
The "Silent Night" Zloader/Zbot,http://fslakdasjdnsasjsj.com/gate.php
The "Silent Night" Zloader/Zbot,http://rswtgmhf.pw/wp-config.php
The "Silent Night" Zloader/Zbot,http://calife.best/erors.php
The "Silent Night" Zloader/Zbot,http://fdsjfjdsfjdsjfdjsfh.com/gate.php
The "Silent Night" Zloader/Zbot,http://smoash.org/sound.php
The "Silent Night" Zloader/Zbot,http://weako.org/sound.php
The "Silent Night" Zloader/Zbot,http://217.138.205.159/sound.php
The "Silent Night" Zloader/Zbot,http://188.127.226.197/gate.php
The "Silent Night" Zloader/Zbot,http://givlonest.com/tv.php
The "Silent Night" Zloader/Zbot,http://jdafiasfjsafahhfs.com/gate.php
The "Silent Night" Zloader/Zbot,http://nlbmfsyplohyaicmxhum.com/post.php
The "Silent Night" Zloader/Zbot,http://xyajbocpggsr.site/wp-config.php
The "Silent Night" Zloader/Zbot,http://bunap.org/sound.php
The "Silent Night" Zloader/Zbot,http://4f394j89d3j4d89j34d.com/jbYm9bt/NlGkb4ivk.php
The "Silent Night" Zloader/Zbot,http://dolax.org/sound.php
The "Silent Night" Zloader/Zbot,http://imosey.com/sound.php
The "Silent Night" Zloader/Zbot,http://siloban.pw/milagrecf.php
The "Silent Night" Zloader/Zbot,http://ch.theblissbinder.com/wp-smart.php
The "Silent Night" Zloader/Zbot,http://baj3tu.xyz/thread.php
The "Silent Night" Zloader/Zbot,http://fwgdhdln.icu/wp-config.php
The "Silent Night" Zloader/Zbot,http://givlonest.org/tv.php
The "Silent Night" Zloader/Zbot,http://pwkqhdgytsshkoibaake.com/post.php
The "Silent Night" Zloader/Zbot,http://nmqsmbiabjdnuushksas.com/post.php
The "Silent Night" Zloader/Zbot,http://dksadjsahnfaskmsa.com/gate.php
The "Silent Night" Zloader/Zbot,http://aquolepp.pw/milagrecf.php
The "Silent Night" Zloader/Zbot,http://ergensu.com/sound.php
The "Silent Night" Zloader/Zbot,http://itachaphi.com/sound.php
The "Silent Night" Zloader/Zbot,http://perditta.org/sound.php
The "Silent Night" Zloader/Zbot,http://jtppbycsb.space/wp-config.php
The "Silent Night" Zloader/Zbot,http://veckeard.com/sound.php
The "Silent Night" Zloader/Zbot,http://213.155.31.199/wwp/gate.php
The "Silent Night" Zloader/Zbot,http://51.83.171.27/sound.php
The "Silent Night" Zloader/Zbot,http://plemopomps.com/post.php
The "Silent Night" Zloader/Zbot,http://advokat-hodonin.info/gate.php
The "Silent Night" Zloader/Zbot,http://coult.org/sound.php
The "Silent Night" Zloader/Zbot,http://rutom.org/sound.php
The "Silent Night" Zloader/Zbot,http://tetraslims.com/sound.php
The "Silent Night" Zloader/Zbot,http://starterdatas.com/sound.php
The "Silent Night" Zloader/Zbot,http://ginibenio.com/sound.php
The "Silent Night" Zloader/Zbot,http://vitog502.life/erors.php
The "Silent Night" Zloader/Zbot,http://tremood.com/sound.php
The "Silent Night" Zloader/Zbot,http://dsdjfhdsufudhjas.info/gate.php
The "Silent Night" Zloader/Zbot,http://xaprgnve.icu/wp-config.php
The "Silent Night" Zloader/Zbot,http://hustlertest.com/sound.php
The "Silent Night" Zloader/Zbot,http://onfovdaqqrwbvdfoqnof.com/post.php
The "Silent Night" Zloader/Zbot,http://217.138.205.136/sound.php
The "Silent Night" Zloader/Zbot,http://iphonexr.top/erors.php
The "Silent Night" Zloader/Zbot,http://162.241.70.164/sound.php
The "Silent Night" Zloader/Zbot,http://rubense.xyz/milagrecf.php
The "Silent Night" Zloader/Zbot,http://marlodubberly.xyz/gravitels.php
The "Silent Night" Zloader/Zbot,http://marchadvertisingnetwork10.com/post.php
The "Silent Night" Zloader/Zbot,http://dsjadjsadjsadjafsa.info/gate.php
The "Silent Night" Zloader/Zbot,http://horatiobrotherton.xyz/gravitels.php
The "Silent Night" Zloader/Zbot,http://retualeigh.com/sound.php
The "Silent Night" Zloader/Zbot,http://representis.xyz/gate.php
The "Silent Night" Zloader/Zbot,http://penaz.info/gate.php
The "Silent Night" Zloader/Zbot,http://bdr.ubibanca.xyz/stat.php
The "Silent Night" Zloader/Zbot,http://ltuywjafbt.icu/wp-config.php
The "Silent Night" Zloader/Zbot,http://lifeprimary.site/wp-parser.php
The "Silent Night" Zloader/Zbot,http://teamper.org/sound.php
The "Silent Night" Zloader/Zbot,http://brewaz.club/milagrecf.php
The "Silent Night" Zloader/Zbot,http://flopperos.org/sound.php
The "Silent Night" Zloader/Zbot,http://home.comegico.com.mx/wp-parser.php
The "Silent Night" Zloader/Zbot,http://dsjdjsjdsadhasdas.com/web/gate.php
The "Silent Night" Zloader/Zbot,http://bhajkqmd.xyz/milagrecf.php
The "Silent Night" Zloader/Zbot,http://maremeo.com/sound.php
The "Silent Night" Zloader/Zbot,http://lipurf.com/sound.php
The "Silent Night" Zloader/Zbot,http://nmttxggtb.press/wp-config.php
The "Silent Night" Zloader/Zbot,http://sldeodjiweiswi.com/jbYm9bt/NlGkb4ivk.php
The "Silent Night" Zloader/Zbot,http://emearibys.com/sound.php
Analyzing Dark Crystal RAT, a C# backdoor,http://domalo.online
Analyzing Dark Crystal RAT, a C# backdoor,http://domalo.online/ksezblxlvou3kcmbq8l7hf3f4cy5xgeo4udla91dueu3qa54/46kqbjvyklunp1z56txzk
Analyzing Dark Crystal RAT, a C# backdoor,http://domalo.online:80
Deep Dive Into TrickBot Executor Module "mexec": Reversing the Dropper Variant,http://185.98.87.185/Atomic.exe
Deep Dive Into TrickBot Executor Module "mexec": Reversing the Dropper Variant,http://107.173.160.14/cranberry.exe
Deep Dive Into TrickBot Executor Module "mexec": Reversing the Dropper Variant,http://172.82.152.15/cloudberry.exe
Deep Dive Into TrickBot Executor Module "mexec": Reversing the Dropper Variant,http://104.168.98.206/Nuclear.exe
Deep Dive Into TrickBot Executor Module "mexec": Reversing the Dropper Variant,http://107.173.160.14/blueberry.exe
Deep Dive Into TrickBot Executor Module "mexec": Reversing the Dropper Variant,http://198.46.161.242/cranberry.exe
Deep Dive Into TrickBot Executor Module "mexec": Reversing the Dropper Variant,http://85.204.116.245/chishir.exe
Deep Dive Into TrickBot Executor Module "mexec": Reversing the Dropper Variant,http://64.91.251.250/UgaNda73n
Deep Dive Into TrickBot Executor Module "mexec": Reversing the Dropper Variant,http://172.82.152.15/blueberry.exe
Mirai and Hoaxcalls Botnets Target Legacy Symantec Web Gateways,http://164.132.92.180/i586
Mirai and Hoaxcalls Botnets Target Legacy Symantec Web Gateways,http://164.132.92.180/arm6
Mirai and Hoaxcalls Botnets Target Legacy Symantec Web Gateways,http://164.132.92.180/i686
Mirai and Hoaxcalls Botnets Target Legacy Symantec Web Gateways,http://45.95.168.250/swrgiuhguhwrguiwetu/mips
Mirai and Hoaxcalls Botnets Target Legacy Symantec Web Gateways,http://164.132.92.180/arm4
Mirai and Hoaxcalls Botnets Target Legacy Symantec Web Gateways,http://45.95.168.250/swrgiuhguhwrguiwetu/x86
Mirai and Hoaxcalls Botnets Target Legacy Symantec Web Gateways,http://164.132.92.180/sh
Mirai and Hoaxcalls Botnets Target Legacy Symantec Web Gateways,http://164.132.92.180/arm7
Mirai and Hoaxcalls Botnets Target Legacy Symantec Web Gateways,http://164.132.92.180/arm5
Mirai and Hoaxcalls Botnets Target Legacy Symantec Web Gateways,http://164.132.92.180/mips64
Mirai and Hoaxcalls Botnets Target Legacy Symantec Web Gateways,http://164.132.92.180/mpsl
Mirai and Hoaxcalls Botnets Target Legacy Symantec Web Gateways,http://164.132.92.180/ppc440
Mirai and Hoaxcalls Botnets Target Legacy Symantec Web Gateways,http://45.95.168.250/swrgiuhguhwrguiwetu/arm6
Mirai and Hoaxcalls Botnets Target Legacy Symantec Web Gateways,http://45.95.168.250/swrgiuhguhwrguiwetu/arm7
Mirai and Hoaxcalls Botnets Target Legacy Symantec Web Gateways,http://45.95.168.250/swrgiuhguhwrguiwetu/sh4
Mirai and Hoaxcalls Botnets Target Legacy Symantec Web Gateways,http://qweqwe.com
Mirai and Hoaxcalls Botnets Target Legacy Symantec Web Gateways,http://plexle.us/Th5xrRAm%20-O%20/tmp/viktor%20&&%20chmod%20777%20/tmp/viktor%20&&%20/tmp/viktor
Mirai and Hoaxcalls Botnets Target Legacy Symantec Web Gateways,http://164.132.92.180/spc
Mirai and Hoaxcalls Botnets Target Legacy Symantec Web Gateways,http://164.132.92.180/m68k
Mirai and Hoaxcalls Botnets Target Legacy Symantec Web Gateways,http://45.95.168.250/swrgiuhguhwrguiwetu/ppc
Mirai and Hoaxcalls Botnets Target Legacy Symantec Web Gateways,http://164.132.92.180/i486
Mirai and Hoaxcalls Botnets Target Legacy Symantec Web Gateways,http://45.95.168.250/swrgiuhguhwrguiwetu/mpsl
Mirai and Hoaxcalls Botnets Target Legacy Symantec Web Gateways,http://164.132.92.180/x86
Mirai and Hoaxcalls Botnets Target Legacy Symantec Web Gateways,http://45.95.168.250/swrgiuhguhwrguiwetu/m68k
Mirai and Hoaxcalls Botnets Target Legacy Symantec Web Gateways,http://164.132.92.180/sh4
Mirai and Hoaxcalls Botnets Target Legacy Symantec Web Gateways,http://45.95.168.250/swrgiuhguhwrguiwetu/arm5
Vendetta New Threat Actor from Europe,http://172.111.188.199:8829
Netwire RAT Delivered via paste.ee and Excel to German users,http://paste.ee/r/gTYWf
Netwire RAT Delivered via paste.ee and Excel to German users,http://paste.ee/r/e49u0
Netwire RAT Delivered via paste.ee and Excel to German users,http://paste.ee/r/rHoL5
Netwire RAT Delivered via paste.ee and Excel to German users,http://paste.ee/r/dlOMz
